ISO-10303-21;
HEADER;
FILE_DESCRIPTION(('FreeCAD Model'),'2;1');
FILE_NAME('Open CASCADE Shape Model','2026-02-01T12:32:54',('Author'),(
    ''),'Open CASCADE STEP processor 7.8','FreeCAD','Unknown');
FILE_SCHEMA(('AUTOMOTIVE_DESIGN { 1 0 10303 214 1 1 1 1 }'));
ENDSEC;
DATA;
#1 = APPLICATION_PROTOCOL_DEFINITION('international standard',
  'automotive_design',2000,#2);
#2 = APPLICATION_CONTEXT(
  'core data for automotive mechanical design processes');
#3 = SHAPE_DEFINITION_REPRESENTATION(#4,#10);
#4 = PRODUCT_DEFINITION_SHAPE('','',#5);
#5 = PRODUCT_DEFINITION('design','',#6,#9);
#6 = PRODUCT_DEFINITION_FORMATION('','',#7);
#7 = PRODUCT('Body_Unfold','Body_Unfold','',(#8));
#8 = PRODUCT_CONTEXT('',#2,'mechanical');
#9 = PRODUCT_DEFINITION_CONTEXT('part definition',#2,'design');
#10 = ADVANCED_BREP_SHAPE_REPRESENTATION('',(#11,#15),#2923);
#11 = AXIS2_PLACEMENT_3D('',#12,#13,#14);
#12 = CARTESIAN_POINT('',(0.,0.,0.));
#13 = DIRECTION('',(0.,0.,1.));
#14 = DIRECTION('',(1.,0.,-0.));
#15 = MANIFOLD_SOLID_BREP('',#16);
#16 = CLOSED_SHELL('',(#17,#57,#88,#119,#150,#181,#214,#245,#278,#309,
    #342,#373,#406,#439,#470,#501,#532,#565,#596,#629,#660,#691,#722,
    #755,#788,#819,#852,#883,#916,#947,#980,#1011,#1042,#1073,#1104,
    #1135,#1166,#1197,#1228,#1259,#1290,#1321,#1352,#1383,#1414,#1445,
    #1476,#1507,#1538,#1569,#1602,#1633,#1666,#1697,#1730,#1761,#1794,
    #1827,#1858,#1889,#1920,#1953,#1984,#2017,#2048,#2079,#2110,#2143,
    #2176,#2207,#2240,#2271,#2304,#2335,#2368,#2399,#2430,#2461,#2492,
    #2523,#2554,#2585,#2607,#2647,#2678,#2709,#2731,#2827));
#17 = ADVANCED_FACE('',(#18),#52,.F.);
#18 = FACE_BOUND('',#19,.F.);
#19 = EDGE_LOOP('',(#20,#30,#38,#46));
#20 = ORIENTED_EDGE('',*,*,#21,.T.);
#21 = EDGE_CURVE('',#22,#24,#26,.T.);
#22 = VERTEX_POINT('',#23);
#23 = CARTESIAN_POINT('',(21.8,-16.31415926535,-0.314159265359));
#24 = VERTEX_POINT('',#25);
#25 = CARTESIAN_POINT('',(21.3,-16.31415926535,-0.314159265359));
#26 = LINE('',#27,#28);
#27 = CARTESIAN_POINT('',(21.8,-16.31415926535,-0.314159265359));
#28 = VECTOR('',#29,1.);
#29 = DIRECTION('',(-1.,0.,0.));
#30 = ORIENTED_EDGE('',*,*,#31,.T.);
#31 = EDGE_CURVE('',#24,#32,#34,.T.);
#32 = VERTEX_POINT('',#33);
#33 = CARTESIAN_POINT('',(21.3,-16.,-0.314159265359));
#34 = LINE('',#35,#36);
#35 = CARTESIAN_POINT('',(21.3,-16.31415926535,-0.314159265359));
#36 = VECTOR('',#37,1.);
#37 = DIRECTION('',(0.,1.,-2.262E-14));
#38 = ORIENTED_EDGE('',*,*,#39,.F.);
#39 = EDGE_CURVE('',#40,#32,#42,.T.);
#40 = VERTEX_POINT('',#41);
#41 = CARTESIAN_POINT('',(21.8,-16.,-0.314159265359));
#42 = LINE('',#43,#44);
#43 = CARTESIAN_POINT('',(21.8,-16.,-0.314159265359));
#44 = VECTOR('',#45,1.);
#45 = DIRECTION('',(-1.,0.,0.));
#46 = ORIENTED_EDGE('',*,*,#47,.F.);
#47 = EDGE_CURVE('',#22,#40,#48,.T.);
#48 = LINE('',#49,#50);
#49 = CARTESIAN_POINT('',(21.8,-16.31415926535,-0.314159265359));
#50 = VECTOR('',#51,1.);
#51 = DIRECTION('',(0.,1.,-2.262E-14));
#52 = PLANE('',#53);
#53 = AXIS2_PLACEMENT_3D('',#54,#55,#56);
#54 = CARTESIAN_POINT('',(21.8,-16.31415926535,-0.314159265359));
#55 = DIRECTION('',(-0.,-2.262E-14,-1.));
#56 = DIRECTION('',(0.,1.,-2.262E-14));
#57 = ADVANCED_FACE('',(#58),#83,.F.);
#58 = FACE_BOUND('',#59,.F.);
#59 = EDGE_LOOP('',(#60,#61,#69,#77));
#60 = ORIENTED_EDGE('',*,*,#39,.T.);
#61 = ORIENTED_EDGE('',*,*,#62,.T.);
#62 = EDGE_CURVE('',#32,#63,#65,.T.);
#63 = VERTEX_POINT('',#64);
#64 = CARTESIAN_POINT('',(21.3,-16.,-7.105427357601E-15));
#65 = LINE('',#66,#67);
#66 = CARTESIAN_POINT('',(21.3,-16.,-0.314159265359));
#67 = VECTOR('',#68,1.);
#68 = DIRECTION('',(0.,2.262E-14,1.));
#69 = ORIENTED_EDGE('',*,*,#70,.F.);
#70 = EDGE_CURVE('',#71,#63,#73,.T.);
#71 = VERTEX_POINT('',#72);
#72 = CARTESIAN_POINT('',(21.8,-16.,-7.105427357601E-15));
#73 = LINE('',#74,#75);
#74 = CARTESIAN_POINT('',(21.8,-16.,-7.11E-15));
#75 = VECTOR('',#76,1.);
#76 = DIRECTION('',(-1.,0.,0.));
#77 = ORIENTED_EDGE('',*,*,#78,.F.);
#78 = EDGE_CURVE('',#40,#71,#79,.T.);
#79 = LINE('',#80,#81);
#80 = CARTESIAN_POINT('',(21.8,-16.,-0.314159265359));
#81 = VECTOR('',#82,1.);
#82 = DIRECTION('',(0.,2.262E-14,1.));
#83 = PLANE('',#84);
#84 = AXIS2_PLACEMENT_3D('',#85,#86,#87);
#85 = CARTESIAN_POINT('',(21.8,-16.,-0.314159265359));
#86 = DIRECTION('',(0.,1.,-2.262E-14));
#87 = DIRECTION('',(2.4E-16,2.262E-14,1.));
#88 = ADVANCED_FACE('',(#89),#114,.F.);
#89 = FACE_BOUND('',#90,.F.);
#90 = EDGE_LOOP('',(#91,#92,#100,#108));
#91 = ORIENTED_EDGE('',*,*,#70,.T.);
#92 = ORIENTED_EDGE('',*,*,#93,.T.);
#93 = EDGE_CURVE('',#63,#94,#96,.T.);
#94 = VERTEX_POINT('',#95);
#95 = CARTESIAN_POINT('',(21.3,-16.,1.7));
#96 = LINE('',#97,#98);
#97 = CARTESIAN_POINT('',(21.3,-16.,-7.105427357601E-15));
#98 = VECTOR('',#99,1.);
#99 = DIRECTION('',(0.,-4.18E-15,1.));
#100 = ORIENTED_EDGE('',*,*,#101,.F.);
#101 = EDGE_CURVE('',#102,#94,#104,.T.);
#102 = VERTEX_POINT('',#103);
#103 = CARTESIAN_POINT('',(21.8,-16.,1.7));
#104 = LINE('',#105,#106);
#105 = CARTESIAN_POINT('',(21.8,-16.,1.7));
#106 = VECTOR('',#107,1.);
#107 = DIRECTION('',(-1.,0.,0.));
#108 = ORIENTED_EDGE('',*,*,#109,.F.);
#109 = EDGE_CURVE('',#71,#102,#110,.T.);
#110 = LINE('',#111,#112);
#111 = CARTESIAN_POINT('',(21.8,-16.,-7.105427357601E-15));
#112 = VECTOR('',#113,1.);
#113 = DIRECTION('',(0.,-4.18E-15,1.));
#114 = PLANE('',#115);
#115 = AXIS2_PLACEMENT_3D('',#116,#117,#118);
#116 = CARTESIAN_POINT('',(21.8,-16.,-7.11E-15));
#117 = DIRECTION('',(0.,1.,4.18E-15));
#118 = DIRECTION('',(2.4E-16,-4.18E-15,1.));
#119 = ADVANCED_FACE('',(#120),#145,.F.);
#120 = FACE_BOUND('',#121,.F.);
#121 = EDGE_LOOP('',(#122,#123,#131,#139));
#122 = ORIENTED_EDGE('',*,*,#101,.T.);
#123 = ORIENTED_EDGE('',*,*,#124,.T.);
#124 = EDGE_CURVE('',#94,#125,#127,.T.);
#125 = VERTEX_POINT('',#126);
#126 = CARTESIAN_POINT('',(21.3,-8.5,1.7));
#127 = LINE('',#128,#129);
#128 = CARTESIAN_POINT('',(21.3,-16.,1.7));
#129 = VECTOR('',#130,1.);
#130 = DIRECTION('',(0.,1.,0.));
#131 = ORIENTED_EDGE('',*,*,#132,.F.);
#132 = EDGE_CURVE('',#133,#125,#135,.T.);
#133 = VERTEX_POINT('',#134);
#134 = CARTESIAN_POINT('',(21.8,-8.5,1.7));
#135 = LINE('',#136,#137);
#136 = CARTESIAN_POINT('',(21.8,-8.5,1.7));
#137 = VECTOR('',#138,1.);
#138 = DIRECTION('',(-1.,0.,0.));
#139 = ORIENTED_EDGE('',*,*,#140,.F.);
#140 = EDGE_CURVE('',#102,#133,#141,.T.);
#141 = LINE('',#142,#143);
#142 = CARTESIAN_POINT('',(21.8,-16.,1.7));
#143 = VECTOR('',#144,1.);
#144 = DIRECTION('',(0.,1.,0.));
#145 = PLANE('',#146);
#146 = AXIS2_PLACEMENT_3D('',#147,#148,#149);
#147 = CARTESIAN_POINT('',(21.8,-16.,1.7));
#148 = DIRECTION('',(-0.,-0.,-1.));
#149 = DIRECTION('',(0.,1.,0.));
#150 = ADVANCED_FACE('',(#151),#176,.F.);
#151 = FACE_BOUND('',#152,.F.);
#152 = EDGE_LOOP('',(#153,#154,#162,#170));
#153 = ORIENTED_EDGE('',*,*,#132,.T.);
#154 = ORIENTED_EDGE('',*,*,#155,.T.);
#155 = EDGE_CURVE('',#125,#156,#158,.T.);
#156 = VERTEX_POINT('',#157);
#157 = CARTESIAN_POINT('',(21.3,-8.5,4.2));
#158 = LINE('',#159,#160);
#159 = CARTESIAN_POINT('',(21.3,-8.5,1.7));
#160 = VECTOR('',#161,1.);
#161 = DIRECTION('',(0.,1.42E-15,1.));
#162 = ORIENTED_EDGE('',*,*,#163,.F.);
#163 = EDGE_CURVE('',#164,#156,#166,.T.);
#164 = VERTEX_POINT('',#165);
#165 = CARTESIAN_POINT('',(21.8,-8.5,4.2));
#166 = LINE('',#167,#168);
#167 = CARTESIAN_POINT('',(21.8,-8.5,4.2));
#168 = VECTOR('',#169,1.);
#169 = DIRECTION('',(-1.,0.,0.));
#170 = ORIENTED_EDGE('',*,*,#171,.F.);
#171 = EDGE_CURVE('',#133,#164,#172,.T.);
#172 = LINE('',#173,#174);
#173 = CARTESIAN_POINT('',(21.8,-8.5,1.7));
#174 = VECTOR('',#175,1.);
#175 = DIRECTION('',(0.,1.42E-15,1.));
#176 = PLANE('',#177);
#177 = AXIS2_PLACEMENT_3D('',#178,#179,#180);
#178 = CARTESIAN_POINT('',(21.8,-8.5,1.7));
#179 = DIRECTION('',(0.,1.,-1.42E-15));
#180 = DIRECTION('',(2.4E-16,1.42E-15,1.));
#181 = ADVANCED_FACE('',(#182),#209,.T.);
#182 = FACE_BOUND('',#183,.F.);
#183 = EDGE_LOOP('',(#184,#185,#194,#202));
#184 = ORIENTED_EDGE('',*,*,#163,.T.);
#185 = ORIENTED_EDGE('',*,*,#186,.T.);
#186 = EDGE_CURVE('',#156,#187,#189,.T.);
#187 = VERTEX_POINT('',#188);
#188 = CARTESIAN_POINT('',(21.3,-8.,4.7));
#189 = CIRCLE('',#190,0.5);
#190 = AXIS2_PLACEMENT_3D('',#191,#192,#193);
#191 = CARTESIAN_POINT('',(21.3,-8.,4.2));
#192 = DIRECTION('',(-1.,-0.,0.));
#193 = DIRECTION('',(0.,-1.,-1.421E-14));
#194 = ORIENTED_EDGE('',*,*,#195,.F.);
#195 = EDGE_CURVE('',#196,#187,#198,.T.);
#196 = VERTEX_POINT('',#197);
#197 = CARTESIAN_POINT('',(21.8,-8.,4.7));
#198 = LINE('',#199,#200);
#199 = CARTESIAN_POINT('',(21.8,-8.,4.7));
#200 = VECTOR('',#201,1.);
#201 = DIRECTION('',(-1.,0.,0.));
#202 = ORIENTED_EDGE('',*,*,#203,.F.);
#203 = EDGE_CURVE('',#164,#196,#204,.T.);
#204 = CIRCLE('',#205,0.5);
#205 = AXIS2_PLACEMENT_3D('',#206,#207,#208);
#206 = CARTESIAN_POINT('',(21.8,-8.,4.2));
#207 = DIRECTION('',(-1.,-0.,0.));
#208 = DIRECTION('',(0.,-1.,-1.421E-14));
#209 = CYLINDRICAL_SURFACE('',#210,0.5);
#210 = AXIS2_PLACEMENT_3D('',#211,#212,#213);
#211 = CARTESIAN_POINT('',(21.8,-8.,4.2));
#212 = DIRECTION('',(1.,0.,-2.4E-16));
#213 = DIRECTION('',(-3.4104E-30,-1.,-1.421E-14));
#214 = ADVANCED_FACE('',(#215),#240,.F.);
#215 = FACE_BOUND('',#216,.F.);
#216 = EDGE_LOOP('',(#217,#218,#226,#234));
#217 = ORIENTED_EDGE('',*,*,#195,.T.);
#218 = ORIENTED_EDGE('',*,*,#219,.T.);
#219 = EDGE_CURVE('',#187,#220,#222,.T.);
#220 = VERTEX_POINT('',#221);
#221 = CARTESIAN_POINT('',(21.3,-4.,4.7));
#222 = LINE('',#223,#224);
#223 = CARTESIAN_POINT('',(21.3,-8.,4.7));
#224 = VECTOR('',#225,1.);
#225 = DIRECTION('',(0.,1.,0.));
#226 = ORIENTED_EDGE('',*,*,#227,.F.);
#227 = EDGE_CURVE('',#228,#220,#230,.T.);
#228 = VERTEX_POINT('',#229);
#229 = CARTESIAN_POINT('',(21.8,-4.,4.7));
#230 = LINE('',#231,#232);
#231 = CARTESIAN_POINT('',(21.8,-4.,4.7));
#232 = VECTOR('',#233,1.);
#233 = DIRECTION('',(-1.,0.,0.));
#234 = ORIENTED_EDGE('',*,*,#235,.F.);
#235 = EDGE_CURVE('',#196,#228,#236,.T.);
#236 = LINE('',#237,#238);
#237 = CARTESIAN_POINT('',(21.8,-8.,4.7));
#238 = VECTOR('',#239,1.);
#239 = DIRECTION('',(0.,1.,0.));
#240 = PLANE('',#241);
#241 = AXIS2_PLACEMENT_3D('',#242,#243,#244);
#242 = CARTESIAN_POINT('',(21.8,-8.,4.7));
#243 = DIRECTION('',(-0.,-0.,-1.));
#244 = DIRECTION('',(0.,1.,0.));
#245 = ADVANCED_FACE('',(#246),#273,.T.);
#246 = FACE_BOUND('',#247,.F.);
#247 = EDGE_LOOP('',(#248,#249,#258,#266));
#248 = ORIENTED_EDGE('',*,*,#227,.T.);
#249 = ORIENTED_EDGE('',*,*,#250,.T.);
#250 = EDGE_CURVE('',#220,#251,#253,.T.);
#251 = VERTEX_POINT('',#252);
#252 = CARTESIAN_POINT('',(21.3,-3.5,4.2));
#253 = CIRCLE('',#254,0.5);
#254 = AXIS2_PLACEMENT_3D('',#255,#256,#257);
#255 = CARTESIAN_POINT('',(21.3,-4.,4.2));
#256 = DIRECTION('',(-1.,0.,0.));
#257 = DIRECTION('',(0.,-7.11E-15,1.));
#258 = ORIENTED_EDGE('',*,*,#259,.F.);
#259 = EDGE_CURVE('',#260,#251,#262,.T.);
#260 = VERTEX_POINT('',#261);
#261 = CARTESIAN_POINT('',(21.8,-3.5,4.2));
#262 = LINE('',#263,#264);
#263 = CARTESIAN_POINT('',(21.8,-3.5,4.2));
#264 = VECTOR('',#265,1.);
#265 = DIRECTION('',(-1.,0.,0.));
#266 = ORIENTED_EDGE('',*,*,#267,.F.);
#267 = EDGE_CURVE('',#228,#260,#268,.T.);
#268 = CIRCLE('',#269,0.5);
#269 = AXIS2_PLACEMENT_3D('',#270,#271,#272);
#270 = CARTESIAN_POINT('',(21.8,-4.,4.2));
#271 = DIRECTION('',(-1.,0.,0.));
#272 = DIRECTION('',(0.,-7.11E-15,1.));
#273 = CYLINDRICAL_SURFACE('',#274,0.5);
#274 = AXIS2_PLACEMENT_3D('',#275,#276,#277);
#275 = CARTESIAN_POINT('',(21.8,-4.,4.2));
#276 = DIRECTION('',(1.,0.,-2.4E-16));
#277 = DIRECTION('',(2.4E-16,-7.1E-15,1.));
#278 = ADVANCED_FACE('',(#279),#304,.F.);
#279 = FACE_BOUND('',#280,.F.);
#280 = EDGE_LOOP('',(#281,#282,#290,#298));
#281 = ORIENTED_EDGE('',*,*,#259,.T.);
#282 = ORIENTED_EDGE('',*,*,#283,.T.);
#283 = EDGE_CURVE('',#251,#284,#286,.T.);
#284 = VERTEX_POINT('',#285);
#285 = CARTESIAN_POINT('',(21.3,-3.5,3.200000047721));
#286 = LINE('',#287,#288);
#287 = CARTESIAN_POINT('',(21.3,-3.5,4.2));
#288 = VECTOR('',#289,1.);
#289 = DIRECTION('',(0.,0.,-1.));
#290 = ORIENTED_EDGE('',*,*,#291,.F.);
#291 = EDGE_CURVE('',#292,#284,#294,.T.);
#292 = VERTEX_POINT('',#293);
#293 = CARTESIAN_POINT('',(21.8,-3.5,3.200000047721));
#294 = LINE('',#295,#296);
#295 = CARTESIAN_POINT('',(21.8,-3.5,3.200000047721));
#296 = VECTOR('',#297,1.);
#297 = DIRECTION('',(-1.,0.,0.));
#298 = ORIENTED_EDGE('',*,*,#299,.F.);
#299 = EDGE_CURVE('',#260,#292,#300,.T.);
#300 = LINE('',#301,#302);
#301 = CARTESIAN_POINT('',(21.8,-3.5,4.2));
#302 = VECTOR('',#303,1.);
#303 = DIRECTION('',(0.,0.,-1.));
#304 = PLANE('',#305);
#305 = AXIS2_PLACEMENT_3D('',#306,#307,#308);
#306 = CARTESIAN_POINT('',(21.8,-3.5,4.2));
#307 = DIRECTION('',(0.,-1.,0.));
#308 = DIRECTION('',(-2.4E-16,-0.,-1.));
#309 = ADVANCED_FACE('',(#310),#337,.T.);
#310 = FACE_BOUND('',#311,.F.);
#311 = EDGE_LOOP('',(#312,#313,#322,#330));
#312 = ORIENTED_EDGE('',*,*,#291,.T.);
#313 = ORIENTED_EDGE('',*,*,#314,.T.);
#314 = EDGE_CURVE('',#284,#315,#317,.T.);
#315 = VERTEX_POINT('',#316);
#316 = CARTESIAN_POINT('',(21.3,-4.,2.700000047721));
#317 = CIRCLE('',#318,0.5);
#318 = AXIS2_PLACEMENT_3D('',#319,#320,#321);
#319 = CARTESIAN_POINT('',(21.3,-4.,3.200000047721));
#320 = DIRECTION('',(-1.,0.,0.));
#321 = DIRECTION('',(0.,1.,1.421E-14));
#322 = ORIENTED_EDGE('',*,*,#323,.F.);
#323 = EDGE_CURVE('',#324,#315,#326,.T.);
#324 = VERTEX_POINT('',#325);
#325 = CARTESIAN_POINT('',(21.8,-4.,2.700000047721));
#326 = LINE('',#327,#328);
#327 = CARTESIAN_POINT('',(21.8,-4.,2.700000047721));
#328 = VECTOR('',#329,1.);
#329 = DIRECTION('',(-1.,0.,0.));
#330 = ORIENTED_EDGE('',*,*,#331,.F.);
#331 = EDGE_CURVE('',#292,#324,#332,.T.);
#332 = CIRCLE('',#333,0.5);
#333 = AXIS2_PLACEMENT_3D('',#334,#335,#336);
#334 = CARTESIAN_POINT('',(21.8,-4.,3.200000047721));
#335 = DIRECTION('',(-1.,0.,0.));
#336 = DIRECTION('',(0.,1.,1.421E-14));
#337 = CYLINDRICAL_SURFACE('',#338,0.5);
#338 = AXIS2_PLACEMENT_3D('',#339,#340,#341);
#339 = CARTESIAN_POINT('',(21.8,-4.,3.200000047721));
#340 = DIRECTION('',(1.,0.,-2.4E-16));
#341 = DIRECTION('',(3.4104E-30,1.,1.421E-14));
#342 = ADVANCED_FACE('',(#343),#368,.F.);
#343 = FACE_BOUND('',#344,.F.);
#344 = EDGE_LOOP('',(#345,#346,#354,#362));
#345 = ORIENTED_EDGE('',*,*,#323,.T.);
#346 = ORIENTED_EDGE('',*,*,#347,.T.);
#347 = EDGE_CURVE('',#315,#348,#350,.T.);
#348 = VERTEX_POINT('',#349);
#349 = CARTESIAN_POINT('',(21.3,-4.381966032592,2.700000047721));
#350 = LINE('',#351,#352);
#351 = CARTESIAN_POINT('',(21.3,-4.,2.700000047721));
#352 = VECTOR('',#353,1.);
#353 = DIRECTION('',(0.,-1.,0.));
#354 = ORIENTED_EDGE('',*,*,#355,.F.);
#355 = EDGE_CURVE('',#356,#348,#358,.T.);
#356 = VERTEX_POINT('',#357);
#357 = CARTESIAN_POINT('',(21.8,-4.381966032592,2.700000047721));
#358 = LINE('',#359,#360);
#359 = CARTESIAN_POINT('',(21.8,-4.381966032592,2.700000047721));
#360 = VECTOR('',#361,1.);
#361 = DIRECTION('',(-1.,0.,0.));
#362 = ORIENTED_EDGE('',*,*,#363,.F.);
#363 = EDGE_CURVE('',#324,#356,#364,.T.);
#364 = LINE('',#365,#366);
#365 = CARTESIAN_POINT('',(21.8,-4.,2.700000047721));
#366 = VECTOR('',#367,1.);
#367 = DIRECTION('',(0.,-1.,0.));
#368 = PLANE('',#369);
#369 = AXIS2_PLACEMENT_3D('',#370,#371,#372);
#370 = CARTESIAN_POINT('',(21.8,-4.,2.700000047721));
#371 = DIRECTION('',(0.,0.,1.));
#372 = DIRECTION('',(0.,-1.,0.));
#373 = ADVANCED_FACE('',(#374),#401,.T.);
#374 = FACE_BOUND('',#375,.F.);
#375 = EDGE_LOOP('',(#376,#377,#386,#394));
#376 = ORIENTED_EDGE('',*,*,#355,.T.);
#377 = ORIENTED_EDGE('',*,*,#378,.T.);
#378 = EDGE_CURVE('',#348,#379,#381,.T.);
#379 = VERTEX_POINT('',#380);
#380 = CARTESIAN_POINT('',(21.3,-5.127322010864,3.033333365148));
#381 = CIRCLE('',#382,1.);
#382 = AXIS2_PLACEMENT_3D('',#383,#384,#385);
#383 = CARTESIAN_POINT('',(21.3,-4.381966032592,3.700000047721));
#384 = DIRECTION('',(-1.,-0.,0.));
#385 = DIRECTION('',(-0.,3.55E-15,-1.));
#386 = ORIENTED_EDGE('',*,*,#387,.F.);
#387 = EDGE_CURVE('',#388,#379,#390,.T.);
#388 = VERTEX_POINT('',#389);
#389 = CARTESIAN_POINT('',(21.8,-5.127322010864,3.033333365148));
#390 = LINE('',#391,#392);
#391 = CARTESIAN_POINT('',(21.8,-5.127322010864,3.033333365148));
#392 = VECTOR('',#393,1.);
#393 = DIRECTION('',(-1.,0.,0.));
#394 = ORIENTED_EDGE('',*,*,#395,.F.);
#395 = EDGE_CURVE('',#356,#388,#396,.T.);
#396 = CIRCLE('',#397,1.);
#397 = AXIS2_PLACEMENT_3D('',#398,#399,#400);
#398 = CARTESIAN_POINT('',(21.8,-4.381966032592,3.700000047721));
#399 = DIRECTION('',(-1.,-0.,0.));
#400 = DIRECTION('',(-0.,3.55E-15,-1.));
#401 = CYLINDRICAL_SURFACE('',#402,1.);
#402 = AXIS2_PLACEMENT_3D('',#403,#404,#405);
#403 = CARTESIAN_POINT('',(21.8,-4.381966032592,3.700000047721));
#404 = DIRECTION('',(1.,0.,-2.4E-16));
#405 = DIRECTION('',(-2.4E-16,3.55E-15,-1.));
#406 = ADVANCED_FACE('',(#407),#434,.F.);
#407 = FACE_BOUND('',#408,.F.);
#408 = EDGE_LOOP('',(#409,#410,#419,#427));
#409 = ORIENTED_EDGE('',*,*,#387,.T.);
#410 = ORIENTED_EDGE('',*,*,#411,.T.);
#411 = EDGE_CURVE('',#379,#412,#414,.T.);
#412 = VERTEX_POINT('',#413);
#413 = CARTESIAN_POINT('',(21.3,-6.,2.7));
#414 = CIRCLE('',#415,0.5);
#415 = AXIS2_PLACEMENT_3D('',#416,#417,#418);
#416 = CARTESIAN_POINT('',(21.3,-5.5,2.700000023861));
#417 = DIRECTION('',(1.,0.,-0.));
#418 = DIRECTION('',(0.,0.745355978272,0.666666682574));
#419 = ORIENTED_EDGE('',*,*,#420,.F.);
#420 = EDGE_CURVE('',#421,#412,#423,.T.);
#421 = VERTEX_POINT('',#422);
#422 = CARTESIAN_POINT('',(21.8,-6.,2.7));
#423 = LINE('',#424,#425);
#424 = CARTESIAN_POINT('',(21.8,-6.,2.7));
#425 = VECTOR('',#426,1.);
#426 = DIRECTION('',(-1.,0.,0.));
#427 = ORIENTED_EDGE('',*,*,#428,.F.);
#428 = EDGE_CURVE('',#388,#421,#429,.T.);
#429 = CIRCLE('',#430,0.5);
#430 = AXIS2_PLACEMENT_3D('',#431,#432,#433);
#431 = CARTESIAN_POINT('',(21.8,-5.5,2.700000023861));
#432 = DIRECTION('',(1.,0.,-0.));
#433 = DIRECTION('',(0.,0.745355978272,0.666666682574));
#434 = CYLINDRICAL_SURFACE('',#435,0.5);
#435 = AXIS2_PLACEMENT_3D('',#436,#437,#438);
#436 = CARTESIAN_POINT('',(21.8,-5.5,2.700000023861));
#437 = DIRECTION('',(1.,0.,-2.4E-16));
#438 = DIRECTION('',(1.600000038177E-16,0.745355978272,0.666666682574));
#439 = ADVANCED_FACE('',(#440),#465,.F.);
#440 = FACE_BOUND('',#441,.F.);
#441 = EDGE_LOOP('',(#442,#443,#451,#459));
#442 = ORIENTED_EDGE('',*,*,#420,.T.);
#443 = ORIENTED_EDGE('',*,*,#444,.T.);
#444 = EDGE_CURVE('',#412,#445,#447,.T.);
#445 = VERTEX_POINT('',#446);
#446 = CARTESIAN_POINT('',(21.3,-6.,1.7));
#447 = LINE('',#448,#449);
#448 = CARTESIAN_POINT('',(21.3,-6.,2.7));
#449 = VECTOR('',#450,1.);
#450 = DIRECTION('',(0.,0.,-1.));
#451 = ORIENTED_EDGE('',*,*,#452,.F.);
#452 = EDGE_CURVE('',#453,#445,#455,.T.);
#453 = VERTEX_POINT('',#454);
#454 = CARTESIAN_POINT('',(21.8,-6.,1.7));
#455 = LINE('',#456,#457);
#456 = CARTESIAN_POINT('',(21.8,-6.,1.7));
#457 = VECTOR('',#458,1.);
#458 = DIRECTION('',(-1.,0.,0.));
#459 = ORIENTED_EDGE('',*,*,#460,.F.);
#460 = EDGE_CURVE('',#421,#453,#461,.T.);
#461 = LINE('',#462,#463);
#462 = CARTESIAN_POINT('',(21.8,-6.,2.7));
#463 = VECTOR('',#464,1.);
#464 = DIRECTION('',(0.,0.,-1.));
#465 = PLANE('',#466);
#466 = AXIS2_PLACEMENT_3D('',#467,#468,#469);
#467 = CARTESIAN_POINT('',(21.8,-6.,2.7));
#468 = DIRECTION('',(0.,-1.,0.));
#469 = DIRECTION('',(-2.4E-16,-0.,-1.));
#470 = ADVANCED_FACE('',(#471),#496,.F.);
#471 = FACE_BOUND('',#472,.F.);
#472 = EDGE_LOOP('',(#473,#474,#482,#490));
#473 = ORIENTED_EDGE('',*,*,#452,.T.);
#474 = ORIENTED_EDGE('',*,*,#475,.T.);
#475 = EDGE_CURVE('',#445,#476,#478,.T.);
#476 = VERTEX_POINT('',#477);
#477 = CARTESIAN_POINT('',(21.3,0.5,1.7));
#478 = LINE('',#479,#480);
#479 = CARTESIAN_POINT('',(21.3,-6.,1.7));
#480 = VECTOR('',#481,1.);
#481 = DIRECTION('',(0.,1.,0.));
#482 = ORIENTED_EDGE('',*,*,#483,.F.);
#483 = EDGE_CURVE('',#484,#476,#486,.T.);
#484 = VERTEX_POINT('',#485);
#485 = CARTESIAN_POINT('',(21.8,0.5,1.7));
#486 = LINE('',#487,#488);
#487 = CARTESIAN_POINT('',(21.8,0.5,1.7));
#488 = VECTOR('',#489,1.);
#489 = DIRECTION('',(-1.,0.,0.));
#490 = ORIENTED_EDGE('',*,*,#491,.F.);
#491 = EDGE_CURVE('',#453,#484,#492,.T.);
#492 = LINE('',#493,#494);
#493 = CARTESIAN_POINT('',(21.8,-6.,1.7));
#494 = VECTOR('',#495,1.);
#495 = DIRECTION('',(0.,1.,0.));
#496 = PLANE('',#497);
#497 = AXIS2_PLACEMENT_3D('',#498,#499,#500);
#498 = CARTESIAN_POINT('',(21.8,-6.,1.7));
#499 = DIRECTION('',(-0.,-0.,-1.));
#500 = DIRECTION('',(0.,1.,0.));
#501 = ADVANCED_FACE('',(#502),#527,.F.);
#502 = FACE_BOUND('',#503,.F.);
#503 = EDGE_LOOP('',(#504,#505,#513,#521));
#504 = ORIENTED_EDGE('',*,*,#483,.T.);
#505 = ORIENTED_EDGE('',*,*,#506,.T.);
#506 = EDGE_CURVE('',#476,#507,#509,.T.);
#507 = VERTEX_POINT('',#508);
#508 = CARTESIAN_POINT('',(21.3,0.5,2.5));
#509 = LINE('',#510,#511);
#510 = CARTESIAN_POINT('',(21.3,0.5,1.7));
#511 = VECTOR('',#512,1.);
#512 = DIRECTION('',(0.,4.44E-15,1.));
#513 = ORIENTED_EDGE('',*,*,#514,.F.);
#514 = EDGE_CURVE('',#515,#507,#517,.T.);
#515 = VERTEX_POINT('',#516);
#516 = CARTESIAN_POINT('',(21.8,0.5,2.5));
#517 = LINE('',#518,#519);
#518 = CARTESIAN_POINT('',(21.8,0.5,2.5));
#519 = VECTOR('',#520,1.);
#520 = DIRECTION('',(-1.,0.,0.));
#521 = ORIENTED_EDGE('',*,*,#522,.F.);
#522 = EDGE_CURVE('',#484,#515,#523,.T.);
#523 = LINE('',#524,#525);
#524 = CARTESIAN_POINT('',(21.8,0.5,1.7));
#525 = VECTOR('',#526,1.);
#526 = DIRECTION('',(0.,4.44E-15,1.));
#527 = PLANE('',#528);
#528 = AXIS2_PLACEMENT_3D('',#529,#530,#531);
#529 = CARTESIAN_POINT('',(21.8,0.5,1.7));
#530 = DIRECTION('',(0.,1.,-4.44E-15));
#531 = DIRECTION('',(2.4E-16,4.44E-15,1.));
#532 = ADVANCED_FACE('',(#533),#560,.T.);
#533 = FACE_BOUND('',#534,.F.);
#534 = EDGE_LOOP('',(#535,#536,#545,#553));
#535 = ORIENTED_EDGE('',*,*,#514,.T.);
#536 = ORIENTED_EDGE('',*,*,#537,.T.);
#537 = EDGE_CURVE('',#507,#538,#540,.T.);
#538 = VERTEX_POINT('',#539);
#539 = CARTESIAN_POINT('',(21.3,0.7,2.7));
#540 = CIRCLE('',#541,0.2);
#541 = AXIS2_PLACEMENT_3D('',#542,#543,#544);
#542 = CARTESIAN_POINT('',(21.3,0.7,2.5));
#543 = DIRECTION('',(-1.,-0.,0.));
#544 = DIRECTION('',(0.,-1.,-3.553E-14));
#545 = ORIENTED_EDGE('',*,*,#546,.F.);
#546 = EDGE_CURVE('',#547,#538,#549,.T.);
#547 = VERTEX_POINT('',#548);
#548 = CARTESIAN_POINT('',(21.8,0.7,2.7));
#549 = LINE('',#550,#551);
#550 = CARTESIAN_POINT('',(21.8,0.7,2.7));
#551 = VECTOR('',#552,1.);
#552 = DIRECTION('',(-1.,0.,0.));
#553 = ORIENTED_EDGE('',*,*,#554,.F.);
#554 = EDGE_CURVE('',#515,#547,#555,.T.);
#555 = CIRCLE('',#556,0.2);
#556 = AXIS2_PLACEMENT_3D('',#557,#558,#559);
#557 = CARTESIAN_POINT('',(21.8,0.7,2.5));
#558 = DIRECTION('',(-1.,-0.,0.));
#559 = DIRECTION('',(0.,-1.,-3.553E-14));
#560 = CYLINDRICAL_SURFACE('',#561,0.2);
#561 = AXIS2_PLACEMENT_3D('',#562,#563,#564);
#562 = CARTESIAN_POINT('',(21.8,0.7,2.5));
#563 = DIRECTION('',(1.,0.,-2.4E-16));
#564 = DIRECTION('',(-8.5248E-30,-1.,-3.552E-14));
#565 = ADVANCED_FACE('',(#566),#591,.F.);
#566 = FACE_BOUND('',#567,.F.);
#567 = EDGE_LOOP('',(#568,#569,#577,#585));
#568 = ORIENTED_EDGE('',*,*,#546,.T.);
#569 = ORIENTED_EDGE('',*,*,#570,.T.);
#570 = EDGE_CURVE('',#538,#571,#573,.T.);
#571 = VERTEX_POINT('',#572);
#572 = CARTESIAN_POINT('',(21.3,1.1,2.7));
#573 = LINE('',#574,#575);
#574 = CARTESIAN_POINT('',(21.3,0.7,2.7));
#575 = VECTOR('',#576,1.);
#576 = DIRECTION('',(0.,1.,1.776E-14));
#577 = ORIENTED_EDGE('',*,*,#578,.F.);
#578 = EDGE_CURVE('',#579,#571,#581,.T.);
#579 = VERTEX_POINT('',#580);
#580 = CARTESIAN_POINT('',(21.8,1.1,2.7));
#581 = LINE('',#582,#583);
#582 = CARTESIAN_POINT('',(21.8,1.1,2.7));
#583 = VECTOR('',#584,1.);
#584 = DIRECTION('',(-1.,0.,0.));
#585 = ORIENTED_EDGE('',*,*,#586,.F.);
#586 = EDGE_CURVE('',#547,#579,#587,.T.);
#587 = LINE('',#588,#589);
#588 = CARTESIAN_POINT('',(21.8,0.7,2.7));
#589 = VECTOR('',#590,1.);
#590 = DIRECTION('',(0.,1.,1.776E-14));
#591 = PLANE('',#592);
#592 = AXIS2_PLACEMENT_3D('',#593,#594,#595);
#593 = CARTESIAN_POINT('',(21.8,0.7,2.7));
#594 = DIRECTION('',(0.,1.776E-14,-1.));
#595 = DIRECTION('',(0.,1.,1.776E-14));
#596 = ADVANCED_FACE('',(#597),#624,.T.);
#597 = FACE_BOUND('',#598,.F.);
#598 = EDGE_LOOP('',(#599,#600,#609,#617));
#599 = ORIENTED_EDGE('',*,*,#578,.T.);
#600 = ORIENTED_EDGE('',*,*,#601,.T.);
#601 = EDGE_CURVE('',#571,#602,#604,.T.);
#602 = VERTEX_POINT('',#603);
#603 = CARTESIAN_POINT('',(21.3,1.3,2.5));
#604 = CIRCLE('',#605,0.2);
#605 = AXIS2_PLACEMENT_3D('',#606,#607,#608);
#606 = CARTESIAN_POINT('',(21.3,1.1,2.5));
#607 = DIRECTION('',(-1.,0.,0.));
#608 = DIRECTION('',(0.,1.776E-14,1.));
#609 = ORIENTED_EDGE('',*,*,#610,.F.);
#610 = EDGE_CURVE('',#611,#602,#613,.T.);
#611 = VERTEX_POINT('',#612);
#612 = CARTESIAN_POINT('',(21.8,1.3,2.5));
#613 = LINE('',#614,#615);
#614 = CARTESIAN_POINT('',(21.8,1.3,2.5));
#615 = VECTOR('',#616,1.);
#616 = DIRECTION('',(-1.,0.,0.));
#617 = ORIENTED_EDGE('',*,*,#618,.F.);
#618 = EDGE_CURVE('',#579,#611,#619,.T.);
#619 = CIRCLE('',#620,0.2);
#620 = AXIS2_PLACEMENT_3D('',#621,#622,#623);
#621 = CARTESIAN_POINT('',(21.8,1.1,2.5));
#622 = DIRECTION('',(-1.,0.,0.));
#623 = DIRECTION('',(0.,1.776E-14,1.));
#624 = CYLINDRICAL_SURFACE('',#625,0.2);
#625 = AXIS2_PLACEMENT_3D('',#626,#627,#628);
#626 = CARTESIAN_POINT('',(21.8,1.1,2.5));
#627 = DIRECTION('',(1.,0.,-2.4E-16));
#628 = DIRECTION('',(2.4E-16,1.777E-14,1.));
#629 = ADVANCED_FACE('',(#630),#655,.F.);
#630 = FACE_BOUND('',#631,.F.);
#631 = EDGE_LOOP('',(#632,#633,#641,#649));
#632 = ORIENTED_EDGE('',*,*,#610,.T.);
#633 = ORIENTED_EDGE('',*,*,#634,.T.);
#634 = EDGE_CURVE('',#602,#635,#637,.T.);
#635 = VERTEX_POINT('',#636);
#636 = CARTESIAN_POINT('',(21.3,1.3,1.7));
#637 = LINE('',#638,#639);
#638 = CARTESIAN_POINT('',(21.3,1.3,2.5));
#639 = VECTOR('',#640,1.);
#640 = DIRECTION('',(0.,0.,-1.));
#641 = ORIENTED_EDGE('',*,*,#642,.F.);
#642 = EDGE_CURVE('',#643,#635,#645,.T.);
#643 = VERTEX_POINT('',#644);
#644 = CARTESIAN_POINT('',(21.8,1.3,1.7));
#645 = LINE('',#646,#647);
#646 = CARTESIAN_POINT('',(21.8,1.3,1.7));
#647 = VECTOR('',#648,1.);
#648 = DIRECTION('',(-1.,0.,0.));
#649 = ORIENTED_EDGE('',*,*,#650,.F.);
#650 = EDGE_CURVE('',#611,#643,#651,.T.);
#651 = LINE('',#652,#653);
#652 = CARTESIAN_POINT('',(21.8,1.3,2.5));
#653 = VECTOR('',#654,1.);
#654 = DIRECTION('',(0.,0.,-1.));
#655 = PLANE('',#656);
#656 = AXIS2_PLACEMENT_3D('',#657,#658,#659);
#657 = CARTESIAN_POINT('',(21.8,1.3,2.5));
#658 = DIRECTION('',(0.,-1.,0.));
#659 = DIRECTION('',(-2.4E-16,-0.,-1.));
#660 = ADVANCED_FACE('',(#661),#686,.F.);
#661 = FACE_BOUND('',#662,.F.);
#662 = EDGE_LOOP('',(#663,#664,#672,#680));
#663 = ORIENTED_EDGE('',*,*,#642,.T.);
#664 = ORIENTED_EDGE('',*,*,#665,.T.);
#665 = EDGE_CURVE('',#635,#666,#668,.T.);
#666 = VERTEX_POINT('',#667);
#667 = CARTESIAN_POINT('',(21.3,7.8,1.7));
#668 = LINE('',#669,#670);
#669 = CARTESIAN_POINT('',(21.3,1.3,1.7));
#670 = VECTOR('',#671,1.);
#671 = DIRECTION('',(0.,1.,0.));
#672 = ORIENTED_EDGE('',*,*,#673,.F.);
#673 = EDGE_CURVE('',#674,#666,#676,.T.);
#674 = VERTEX_POINT('',#675);
#675 = CARTESIAN_POINT('',(21.8,7.8,1.7));
#676 = LINE('',#677,#678);
#677 = CARTESIAN_POINT('',(21.8,7.8,1.7));
#678 = VECTOR('',#679,1.);
#679 = DIRECTION('',(-1.,0.,0.));
#680 = ORIENTED_EDGE('',*,*,#681,.F.);
#681 = EDGE_CURVE('',#643,#674,#682,.T.);
#682 = LINE('',#683,#684);
#683 = CARTESIAN_POINT('',(21.8,1.3,1.7));
#684 = VECTOR('',#685,1.);
#685 = DIRECTION('',(0.,1.,0.));
#686 = PLANE('',#687);
#687 = AXIS2_PLACEMENT_3D('',#688,#689,#690);
#688 = CARTESIAN_POINT('',(21.8,1.3,1.7));
#689 = DIRECTION('',(-0.,-0.,-1.));
#690 = DIRECTION('',(0.,1.,0.));
#691 = ADVANCED_FACE('',(#692),#717,.F.);
#692 = FACE_BOUND('',#693,.F.);
#693 = EDGE_LOOP('',(#694,#695,#703,#711));
#694 = ORIENTED_EDGE('',*,*,#673,.T.);
#695 = ORIENTED_EDGE('',*,*,#696,.T.);
#696 = EDGE_CURVE('',#666,#697,#699,.T.);
#697 = VERTEX_POINT('',#698);
#698 = CARTESIAN_POINT('',(21.3,7.8,2.7));
#699 = LINE('',#700,#701);
#700 = CARTESIAN_POINT('',(21.3,7.8,1.7));
#701 = VECTOR('',#702,1.);
#702 = DIRECTION('',(0.,-5.33E-15,1.));
#703 = ORIENTED_EDGE('',*,*,#704,.F.);
#704 = EDGE_CURVE('',#705,#697,#707,.T.);
#705 = VERTEX_POINT('',#706);
#706 = CARTESIAN_POINT('',(21.8,7.8,2.7));
#707 = LINE('',#708,#709);
#708 = CARTESIAN_POINT('',(21.8,7.8,2.7));
#709 = VECTOR('',#710,1.);
#710 = DIRECTION('',(-1.,0.,0.));
#711 = ORIENTED_EDGE('',*,*,#712,.F.);
#712 = EDGE_CURVE('',#674,#705,#713,.T.);
#713 = LINE('',#714,#715);
#714 = CARTESIAN_POINT('',(21.8,7.8,1.7));
#715 = VECTOR('',#716,1.);
#716 = DIRECTION('',(0.,-5.33E-15,1.));
#717 = PLANE('',#718);
#718 = AXIS2_PLACEMENT_3D('',#719,#720,#721);
#719 = CARTESIAN_POINT('',(21.8,7.8,1.7));
#720 = DIRECTION('',(0.,1.,5.33E-15));
#721 = DIRECTION('',(2.4E-16,-5.33E-15,1.));
#722 = ADVANCED_FACE('',(#723),#750,.F.);
#723 = FACE_BOUND('',#724,.F.);
#724 = EDGE_LOOP('',(#725,#726,#735,#743));
#725 = ORIENTED_EDGE('',*,*,#704,.T.);
#726 = ORIENTED_EDGE('',*,*,#727,.T.);
#727 = EDGE_CURVE('',#697,#728,#730,.T.);
#728 = VERTEX_POINT('',#729);
#729 = CARTESIAN_POINT('',(21.3,6.927322029431,3.033333448182));
#730 = CIRCLE('',#731,0.5);
#731 = AXIS2_PLACEMENT_3D('',#732,#733,#734);
#732 = CARTESIAN_POINT('',(21.3,7.3,2.700000086136));
#733 = DIRECTION('',(1.,-0.,0.));
#734 = DIRECTION('',(0.,1.,-1.7227290527E-07));
#735 = ORIENTED_EDGE('',*,*,#736,.F.);
#736 = EDGE_CURVE('',#737,#728,#739,.T.);
#737 = VERTEX_POINT('',#738);
#738 = CARTESIAN_POINT('',(21.8,6.927322029431,3.033333448182));
#739 = LINE('',#740,#741);
#740 = CARTESIAN_POINT('',(21.8,6.927322029431,3.033333448182));
#741 = VECTOR('',#742,1.);
#742 = DIRECTION('',(-1.,0.,0.));
#743 = ORIENTED_EDGE('',*,*,#744,.F.);
#744 = EDGE_CURVE('',#705,#737,#745,.T.);
#745 = CIRCLE('',#746,0.5);
#746 = AXIS2_PLACEMENT_3D('',#747,#748,#749);
#747 = CARTESIAN_POINT('',(21.8,7.3,2.700000086136));
#748 = DIRECTION('',(1.,-0.,0.));
#749 = DIRECTION('',(0.,1.,-1.7227290527E-07));
#750 = CYLINDRICAL_SURFACE('',#751,0.5);
#751 = AXIS2_PLACEMENT_3D('',#752,#753,#754);
#752 = CARTESIAN_POINT('',(21.8,7.3,2.700000086136));
#753 = DIRECTION('',(1.,0.,-2.4E-16));
#754 = DIRECTION('',(-4.13454972672E-23,1.,-1.7227290528E-07));
#755 = ADVANCED_FACE('',(#756),#783,.T.);
#756 = FACE_BOUND('',#757,.F.);
#757 = EDGE_LOOP('',(#758,#759,#768,#776));
#758 = ORIENTED_EDGE('',*,*,#736,.T.);
#759 = ORIENTED_EDGE('',*,*,#760,.T.);
#760 = EDGE_CURVE('',#728,#761,#763,.T.);
#761 = VERTEX_POINT('',#762);
#762 = CARTESIAN_POINT('',(21.3,6.181966088293,2.700000172273));
#763 = CIRCLE('',#764,1.);
#764 = AXIS2_PLACEMENT_3D('',#765,#766,#767);
#765 = CARTESIAN_POINT('',(21.3,6.181966088293,3.700000172273));
#766 = DIRECTION('',(-1.,-0.,0.));
#767 = DIRECTION('',(-0.,0.745355941138,-0.666666724091));
#768 = ORIENTED_EDGE('',*,*,#769,.F.);
#769 = EDGE_CURVE('',#770,#761,#772,.T.);
#770 = VERTEX_POINT('',#771);
#771 = CARTESIAN_POINT('',(21.8,6.181966088293,2.700000172273));
#772 = LINE('',#773,#774);
#773 = CARTESIAN_POINT('',(21.8,6.181966088293,2.700000172273));
#774 = VECTOR('',#775,1.);
#775 = DIRECTION('',(-1.,0.,0.));
#776 = ORIENTED_EDGE('',*,*,#777,.F.);
#777 = EDGE_CURVE('',#737,#770,#778,.T.);
#778 = CIRCLE('',#779,1.);
#779 = AXIS2_PLACEMENT_3D('',#780,#781,#782);
#780 = CARTESIAN_POINT('',(21.8,6.181966088293,3.700000172273));
#781 = DIRECTION('',(-1.,-0.,0.));
#782 = DIRECTION('',(-0.,0.745355941138,-0.666666724091));
#783 = CYLINDRICAL_SURFACE('',#784,1.);
#784 = AXIS2_PLACEMENT_3D('',#785,#786,#787);
#785 = CARTESIAN_POINT('',(21.8,6.181966088293,3.700000172273));
#786 = DIRECTION('',(1.,0.,-2.4E-16));
#787 = DIRECTION('',(-1.600000137818E-16,0.745355941138,-0.666666724091)
  );
#788 = ADVANCED_FACE('',(#789),#814,.F.);
#789 = FACE_BOUND('',#790,.F.);
#790 = EDGE_LOOP('',(#791,#792,#800,#808));
#791 = ORIENTED_EDGE('',*,*,#769,.T.);
#792 = ORIENTED_EDGE('',*,*,#793,.T.);
#793 = EDGE_CURVE('',#761,#794,#796,.T.);
#794 = VERTEX_POINT('',#795);
#795 = CARTESIAN_POINT('',(21.3,5.8,2.700000172273));
#796 = LINE('',#797,#798);
#797 = CARTESIAN_POINT('',(21.3,6.181966088293,2.700000172273));
#798 = VECTOR('',#799,1.);
#799 = DIRECTION('',(0.,-1.,0.));
#800 = ORIENTED_EDGE('',*,*,#801,.F.);
#801 = EDGE_CURVE('',#802,#794,#804,.T.);
#802 = VERTEX_POINT('',#803);
#803 = CARTESIAN_POINT('',(21.8,5.8,2.700000172273));
#804 = LINE('',#805,#806);
#805 = CARTESIAN_POINT('',(21.8,5.8,2.700000172273));
#806 = VECTOR('',#807,1.);
#807 = DIRECTION('',(-1.,0.,0.));
#808 = ORIENTED_EDGE('',*,*,#809,.F.);
#809 = EDGE_CURVE('',#770,#802,#810,.T.);
#810 = LINE('',#811,#812);
#811 = CARTESIAN_POINT('',(21.8,6.181966088293,2.700000172273));
#812 = VECTOR('',#813,1.);
#813 = DIRECTION('',(0.,-1.,0.));
#814 = PLANE('',#815);
#815 = AXIS2_PLACEMENT_3D('',#816,#817,#818);
#816 = CARTESIAN_POINT('',(21.8,6.181966088293,2.700000172273));
#817 = DIRECTION('',(0.,0.,1.));
#818 = DIRECTION('',(0.,-1.,0.));
#819 = ADVANCED_FACE('',(#820),#847,.T.);
#820 = FACE_BOUND('',#821,.F.);
#821 = EDGE_LOOP('',(#822,#823,#832,#840));
#822 = ORIENTED_EDGE('',*,*,#801,.T.);
#823 = ORIENTED_EDGE('',*,*,#824,.T.);
#824 = EDGE_CURVE('',#794,#825,#827,.T.);
#825 = VERTEX_POINT('',#826);
#826 = CARTESIAN_POINT('',(21.3,5.3,3.200000172273));
#827 = CIRCLE('',#828,0.5);
#828 = AXIS2_PLACEMENT_3D('',#829,#830,#831);
#829 = CARTESIAN_POINT('',(21.3,5.8,3.200000172273));
#830 = DIRECTION('',(-1.,-0.,0.));
#831 = DIRECTION('',(-0.,1.066E-14,-1.));
#832 = ORIENTED_EDGE('',*,*,#833,.F.);
#833 = EDGE_CURVE('',#834,#825,#836,.T.);
#834 = VERTEX_POINT('',#835);
#835 = CARTESIAN_POINT('',(21.8,5.3,3.200000172273));
#836 = LINE('',#837,#838);
#837 = CARTESIAN_POINT('',(21.8,5.3,3.200000172273));
#838 = VECTOR('',#839,1.);
#839 = DIRECTION('',(-1.,0.,0.));
#840 = ORIENTED_EDGE('',*,*,#841,.F.);
#841 = EDGE_CURVE('',#802,#834,#842,.T.);
#842 = CIRCLE('',#843,0.5);
#843 = AXIS2_PLACEMENT_3D('',#844,#845,#846);
#844 = CARTESIAN_POINT('',(21.8,5.8,3.200000172273));
#845 = DIRECTION('',(-1.,-0.,0.));
#846 = DIRECTION('',(-0.,1.066E-14,-1.));
#847 = CYLINDRICAL_SURFACE('',#848,0.5);
#848 = AXIS2_PLACEMENT_3D('',#849,#850,#851);
#849 = CARTESIAN_POINT('',(21.8,5.8,3.200000172273));
#850 = DIRECTION('',(1.,0.,-2.4E-16));
#851 = DIRECTION('',(-2.4E-16,1.066E-14,-1.));
#852 = ADVANCED_FACE('',(#853),#878,.F.);
#853 = FACE_BOUND('',#854,.F.);
#854 = EDGE_LOOP('',(#855,#856,#864,#872));
#855 = ORIENTED_EDGE('',*,*,#833,.T.);
#856 = ORIENTED_EDGE('',*,*,#857,.T.);
#857 = EDGE_CURVE('',#825,#858,#860,.T.);
#858 = VERTEX_POINT('',#859);
#859 = CARTESIAN_POINT('',(21.3,5.3,4.2));
#860 = LINE('',#861,#862);
#861 = CARTESIAN_POINT('',(21.3,5.3,3.200000172273));
#862 = VECTOR('',#863,1.);
#863 = DIRECTION('',(0.,1.78E-15,1.));
#864 = ORIENTED_EDGE('',*,*,#865,.F.);
#865 = EDGE_CURVE('',#866,#858,#868,.T.);
#866 = VERTEX_POINT('',#867);
#867 = CARTESIAN_POINT('',(21.8,5.3,4.2));
#868 = LINE('',#869,#870);
#869 = CARTESIAN_POINT('',(21.8,5.3,4.2));
#870 = VECTOR('',#871,1.);
#871 = DIRECTION('',(-1.,0.,0.));
#872 = ORIENTED_EDGE('',*,*,#873,.F.);
#873 = EDGE_CURVE('',#834,#866,#874,.T.);
#874 = LINE('',#875,#876);
#875 = CARTESIAN_POINT('',(21.8,5.3,3.200000172273));
#876 = VECTOR('',#877,1.);
#877 = DIRECTION('',(0.,1.78E-15,1.));
#878 = PLANE('',#879);
#879 = AXIS2_PLACEMENT_3D('',#880,#881,#882);
#880 = CARTESIAN_POINT('',(21.8,5.3,3.200000172273));
#881 = DIRECTION('',(0.,1.,-1.78E-15));
#882 = DIRECTION('',(2.4E-16,1.78E-15,1.));
#883 = ADVANCED_FACE('',(#884),#911,.T.);
#884 = FACE_BOUND('',#885,.F.);
#885 = EDGE_LOOP('',(#886,#887,#896,#904));
#886 = ORIENTED_EDGE('',*,*,#865,.T.);
#887 = ORIENTED_EDGE('',*,*,#888,.T.);
#888 = EDGE_CURVE('',#858,#889,#891,.T.);
#889 = VERTEX_POINT('',#890);
#890 = CARTESIAN_POINT('',(21.3,5.8,4.7));
#891 = CIRCLE('',#892,0.5);
#892 = AXIS2_PLACEMENT_3D('',#893,#894,#895);
#893 = CARTESIAN_POINT('',(21.3,5.8,4.2));
#894 = DIRECTION('',(-1.,-0.,0.));
#895 = DIRECTION('',(0.,-1.,-1.421E-14));
#896 = ORIENTED_EDGE('',*,*,#897,.F.);
#897 = EDGE_CURVE('',#898,#889,#900,.T.);
#898 = VERTEX_POINT('',#899);
#899 = CARTESIAN_POINT('',(21.8,5.8,4.7));
#900 = LINE('',#901,#902);
#901 = CARTESIAN_POINT('',(21.8,5.8,4.7));
#902 = VECTOR('',#903,1.);
#903 = DIRECTION('',(-1.,0.,0.));
#904 = ORIENTED_EDGE('',*,*,#905,.F.);
#905 = EDGE_CURVE('',#866,#898,#906,.T.);
#906 = CIRCLE('',#907,0.5);
#907 = AXIS2_PLACEMENT_3D('',#908,#909,#910);
#908 = CARTESIAN_POINT('',(21.8,5.8,4.2));
#909 = DIRECTION('',(-1.,-0.,0.));
#910 = DIRECTION('',(0.,-1.,-1.421E-14));
#911 = CYLINDRICAL_SURFACE('',#912,0.5);
#912 = AXIS2_PLACEMENT_3D('',#913,#914,#915);
#913 = CARTESIAN_POINT('',(21.8,5.8,4.2));
#914 = DIRECTION('',(1.,0.,-2.4E-16));
#915 = DIRECTION('',(-3.4104E-30,-1.,-1.421E-14));
#916 = ADVANCED_FACE('',(#917),#942,.F.);
#917 = FACE_BOUND('',#918,.F.);
#918 = EDGE_LOOP('',(#919,#920,#928,#936));
#919 = ORIENTED_EDGE('',*,*,#897,.T.);
#920 = ORIENTED_EDGE('',*,*,#921,.T.);
#921 = EDGE_CURVE('',#889,#922,#924,.T.);
#922 = VERTEX_POINT('',#923);
#923 = CARTESIAN_POINT('',(21.3,9.8,4.7));
#924 = LINE('',#925,#926);
#925 = CARTESIAN_POINT('',(21.3,5.8,4.7));
#926 = VECTOR('',#927,1.);
#927 = DIRECTION('',(0.,1.,0.));
#928 = ORIENTED_EDGE('',*,*,#929,.F.);
#929 = EDGE_CURVE('',#930,#922,#932,.T.);
#930 = VERTEX_POINT('',#931);
#931 = CARTESIAN_POINT('',(21.8,9.8,4.7));
#932 = LINE('',#933,#934);
#933 = CARTESIAN_POINT('',(21.8,9.8,4.7));
#934 = VECTOR('',#935,1.);
#935 = DIRECTION('',(-1.,0.,0.));
#936 = ORIENTED_EDGE('',*,*,#937,.F.);
#937 = EDGE_CURVE('',#898,#930,#938,.T.);
#938 = LINE('',#939,#940);
#939 = CARTESIAN_POINT('',(21.8,5.8,4.7));
#940 = VECTOR('',#941,1.);
#941 = DIRECTION('',(0.,1.,0.));
#942 = PLANE('',#943);
#943 = AXIS2_PLACEMENT_3D('',#944,#945,#946);
#944 = CARTESIAN_POINT('',(21.8,5.8,4.7));
#945 = DIRECTION('',(-0.,-0.,-1.));
#946 = DIRECTION('',(0.,1.,0.));
#947 = ADVANCED_FACE('',(#948),#975,.T.);
#948 = FACE_BOUND('',#949,.F.);
#949 = EDGE_LOOP('',(#950,#951,#960,#968));
#950 = ORIENTED_EDGE('',*,*,#929,.T.);
#951 = ORIENTED_EDGE('',*,*,#952,.T.);
#952 = EDGE_CURVE('',#922,#953,#955,.T.);
#953 = VERTEX_POINT('',#954);
#954 = CARTESIAN_POINT('',(21.3,10.3,4.2));
#955 = CIRCLE('',#956,0.5);
#956 = AXIS2_PLACEMENT_3D('',#957,#958,#959);
#957 = CARTESIAN_POINT('',(21.3,9.8,4.2));
#958 = DIRECTION('',(-1.,0.,0.));
#959 = DIRECTION('',(0.,-7.11E-15,1.));
#960 = ORIENTED_EDGE('',*,*,#961,.F.);
#961 = EDGE_CURVE('',#962,#953,#964,.T.);
#962 = VERTEX_POINT('',#963);
#963 = CARTESIAN_POINT('',(21.8,10.3,4.2));
#964 = LINE('',#965,#966);
#965 = CARTESIAN_POINT('',(21.8,10.3,4.2));
#966 = VECTOR('',#967,1.);
#967 = DIRECTION('',(-1.,0.,0.));
#968 = ORIENTED_EDGE('',*,*,#969,.F.);
#969 = EDGE_CURVE('',#930,#962,#970,.T.);
#970 = CIRCLE('',#971,0.5);
#971 = AXIS2_PLACEMENT_3D('',#972,#973,#974);
#972 = CARTESIAN_POINT('',(21.8,9.8,4.2));
#973 = DIRECTION('',(-1.,0.,0.));
#974 = DIRECTION('',(0.,-7.11E-15,1.));
#975 = CYLINDRICAL_SURFACE('',#976,0.5);
#976 = AXIS2_PLACEMENT_3D('',#977,#978,#979);
#977 = CARTESIAN_POINT('',(21.8,9.8,4.2));
#978 = DIRECTION('',(1.,0.,-2.4E-16));
#979 = DIRECTION('',(2.4E-16,-7.1E-15,1.));
#980 = ADVANCED_FACE('',(#981),#1006,.F.);
#981 = FACE_BOUND('',#982,.F.);
#982 = EDGE_LOOP('',(#983,#984,#992,#1000));
#983 = ORIENTED_EDGE('',*,*,#961,.T.);
#984 = ORIENTED_EDGE('',*,*,#985,.T.);
#985 = EDGE_CURVE('',#953,#986,#988,.T.);
#986 = VERTEX_POINT('',#987);
#987 = CARTESIAN_POINT('',(21.3,10.3,1.7));
#988 = LINE('',#989,#990);
#989 = CARTESIAN_POINT('',(21.3,10.3,4.2));
#990 = VECTOR('',#991,1.);
#991 = DIRECTION('',(0.,0.,-1.));
#992 = ORIENTED_EDGE('',*,*,#993,.F.);
#993 = EDGE_CURVE('',#994,#986,#996,.T.);
#994 = VERTEX_POINT('',#995);
#995 = CARTESIAN_POINT('',(21.8,10.3,1.7));
#996 = LINE('',#997,#998);
#997 = CARTESIAN_POINT('',(21.8,10.3,1.7));
#998 = VECTOR('',#999,1.);
#999 = DIRECTION('',(-1.,0.,0.));
#1000 = ORIENTED_EDGE('',*,*,#1001,.F.);
#1001 = EDGE_CURVE('',#962,#994,#1002,.T.);
#1002 = LINE('',#1003,#1004);
#1003 = CARTESIAN_POINT('',(21.8,10.3,4.2));
#1004 = VECTOR('',#1005,1.);
#1005 = DIRECTION('',(0.,0.,-1.));
#1006 = PLANE('',#1007);
#1007 = AXIS2_PLACEMENT_3D('',#1008,#1009,#1010);
#1008 = CARTESIAN_POINT('',(21.8,10.3,4.2));
#1009 = DIRECTION('',(0.,-1.,0.));
#1010 = DIRECTION('',(-2.4E-16,-0.,-1.));
#1011 = ADVANCED_FACE('',(#1012),#1037,.F.);
#1012 = FACE_BOUND('',#1013,.F.);
#1013 = EDGE_LOOP('',(#1014,#1015,#1023,#1031));
#1014 = ORIENTED_EDGE('',*,*,#993,.T.);
#1015 = ORIENTED_EDGE('',*,*,#1016,.T.);
#1016 = EDGE_CURVE('',#986,#1017,#1019,.T.);
#1017 = VERTEX_POINT('',#1018);
#1018 = CARTESIAN_POINT('',(21.3,17.8,1.7));
#1019 = LINE('',#1020,#1021);
#1020 = CARTESIAN_POINT('',(21.3,10.3,1.7));
#1021 = VECTOR('',#1022,1.);
#1022 = DIRECTION('',(0.,1.,0.));
#1023 = ORIENTED_EDGE('',*,*,#1024,.F.);
#1024 = EDGE_CURVE('',#1025,#1017,#1027,.T.);
#1025 = VERTEX_POINT('',#1026);
#1026 = CARTESIAN_POINT('',(21.8,17.8,1.7));
#1027 = LINE('',#1028,#1029);
#1028 = CARTESIAN_POINT('',(21.8,17.8,1.7));
#1029 = VECTOR('',#1030,1.);
#1030 = DIRECTION('',(-1.,0.,0.));
#1031 = ORIENTED_EDGE('',*,*,#1032,.F.);
#1032 = EDGE_CURVE('',#994,#1025,#1033,.T.);
#1033 = LINE('',#1034,#1035);
#1034 = CARTESIAN_POINT('',(21.8,10.3,1.7));
#1035 = VECTOR('',#1036,1.);
#1036 = DIRECTION('',(0.,1.,0.));
#1037 = PLANE('',#1038);
#1038 = AXIS2_PLACEMENT_3D('',#1039,#1040,#1041);
#1039 = CARTESIAN_POINT('',(21.8,10.3,1.7));
#1040 = DIRECTION('',(-0.,-0.,-1.));
#1041 = DIRECTION('',(0.,1.,0.));
#1042 = ADVANCED_FACE('',(#1043),#1068,.F.);
#1043 = FACE_BOUND('',#1044,.F.);
#1044 = EDGE_LOOP('',(#1045,#1046,#1054,#1062));
#1045 = ORIENTED_EDGE('',*,*,#1024,.T.);
#1046 = ORIENTED_EDGE('',*,*,#1047,.T.);
#1047 = EDGE_CURVE('',#1017,#1048,#1050,.T.);
#1048 = VERTEX_POINT('',#1049);
#1049 = CARTESIAN_POINT('',(21.3,17.8,-7.105427357601E-15));
#1050 = LINE('',#1051,#1052);
#1051 = CARTESIAN_POINT('',(21.3,17.8,1.7));
#1052 = VECTOR('',#1053,1.);
#1053 = DIRECTION('',(0.,0.,-1.));
#1054 = ORIENTED_EDGE('',*,*,#1055,.F.);
#1055 = EDGE_CURVE('',#1056,#1048,#1058,.T.);
#1056 = VERTEX_POINT('',#1057);
#1057 = CARTESIAN_POINT('',(21.8,17.8,-7.105427357601E-15));
#1058 = LINE('',#1059,#1060);
#1059 = CARTESIAN_POINT('',(21.8,17.8,-7.11E-15));
#1060 = VECTOR('',#1061,1.);
#1061 = DIRECTION('',(-1.,0.,0.));
#1062 = ORIENTED_EDGE('',*,*,#1063,.F.);
#1063 = EDGE_CURVE('',#1025,#1056,#1064,.T.);
#1064 = LINE('',#1065,#1066);
#1065 = CARTESIAN_POINT('',(21.8,17.8,1.7));
#1066 = VECTOR('',#1067,1.);
#1067 = DIRECTION('',(0.,0.,-1.));
#1068 = PLANE('',#1069);
#1069 = AXIS2_PLACEMENT_3D('',#1070,#1071,#1072);
#1070 = CARTESIAN_POINT('',(21.8,17.8,1.7));
#1071 = DIRECTION('',(0.,-1.,0.));
#1072 = DIRECTION('',(-2.4E-16,-0.,-1.));
#1073 = ADVANCED_FACE('',(#1074),#1099,.F.);
#1074 = FACE_BOUND('',#1075,.F.);
#1075 = EDGE_LOOP('',(#1076,#1077,#1085,#1093));
#1076 = ORIENTED_EDGE('',*,*,#1055,.T.);
#1077 = ORIENTED_EDGE('',*,*,#1078,.T.);
#1078 = EDGE_CURVE('',#1048,#1079,#1081,.T.);
#1079 = VERTEX_POINT('',#1080);
#1080 = CARTESIAN_POINT('',(21.3,17.8,-0.314159265359));
#1081 = LINE('',#1082,#1083);
#1082 = CARTESIAN_POINT('',(21.3,17.8,-7.105427357601E-15));
#1083 = VECTOR('',#1084,1.);
#1084 = DIRECTION('',(0.,1.131E-14,-1.));
#1085 = ORIENTED_EDGE('',*,*,#1086,.F.);
#1086 = EDGE_CURVE('',#1087,#1079,#1089,.T.);
#1087 = VERTEX_POINT('',#1088);
#1088 = CARTESIAN_POINT('',(21.8,17.8,-0.314159265359));
#1089 = LINE('',#1090,#1091);
#1090 = CARTESIAN_POINT('',(21.8,17.8,-0.314159265359));
#1091 = VECTOR('',#1092,1.);
#1092 = DIRECTION('',(-1.,0.,0.));
#1093 = ORIENTED_EDGE('',*,*,#1094,.F.);
#1094 = EDGE_CURVE('',#1056,#1087,#1095,.T.);
#1095 = LINE('',#1096,#1097);
#1096 = CARTESIAN_POINT('',(21.8,17.8,-7.105427357601E-15));
#1097 = VECTOR('',#1098,1.);
#1098 = DIRECTION('',(0.,1.131E-14,-1.));
#1099 = PLANE('',#1100);
#1100 = AXIS2_PLACEMENT_3D('',#1101,#1102,#1103);
#1101 = CARTESIAN_POINT('',(21.8,17.8,-7.11E-15));
#1102 = DIRECTION('',(-0.,-1.,-1.131E-14));
#1103 = DIRECTION('',(-2.4E-16,1.131E-14,-1.));
#1104 = ADVANCED_FACE('',(#1105),#1130,.F.);
#1105 = FACE_BOUND('',#1106,.F.);
#1106 = EDGE_LOOP('',(#1107,#1108,#1116,#1124));
#1107 = ORIENTED_EDGE('',*,*,#1086,.T.);
#1108 = ORIENTED_EDGE('',*,*,#1109,.T.);
#1109 = EDGE_CURVE('',#1079,#1110,#1112,.T.);
#1110 = VERTEX_POINT('',#1111);
#1111 = CARTESIAN_POINT('',(21.3,18.114159265359,-0.314159265359));
#1112 = LINE('',#1113,#1114);
#1113 = CARTESIAN_POINT('',(21.3,17.8,-0.314159265359));
#1114 = VECTOR('',#1115,1.);
#1115 = DIRECTION('',(0.,1.,0.));
#1116 = ORIENTED_EDGE('',*,*,#1117,.F.);
#1117 = EDGE_CURVE('',#1118,#1110,#1120,.T.);
#1118 = VERTEX_POINT('',#1119);
#1119 = CARTESIAN_POINT('',(21.8,18.114159265359,-0.314159265359));
#1120 = LINE('',#1121,#1122);
#1121 = CARTESIAN_POINT('',(21.8,18.114159265359,-0.314159265359));
#1122 = VECTOR('',#1123,1.);
#1123 = DIRECTION('',(-1.,0.,0.));
#1124 = ORIENTED_EDGE('',*,*,#1125,.F.);
#1125 = EDGE_CURVE('',#1087,#1118,#1126,.T.);
#1126 = LINE('',#1127,#1128);
#1127 = CARTESIAN_POINT('',(21.8,17.8,-0.314159265359));
#1128 = VECTOR('',#1129,1.);
#1129 = DIRECTION('',(0.,1.,0.));
#1130 = PLANE('',#1131);
#1131 = AXIS2_PLACEMENT_3D('',#1132,#1133,#1134);
#1132 = CARTESIAN_POINT('',(21.8,17.8,-0.314159265359));
#1133 = DIRECTION('',(-0.,-0.,-1.));
#1134 = DIRECTION('',(0.,1.,0.));
#1135 = ADVANCED_FACE('',(#1136),#1161,.F.);
#1136 = FACE_BOUND('',#1137,.F.);
#1137 = EDGE_LOOP('',(#1138,#1139,#1147,#1155));
#1138 = ORIENTED_EDGE('',*,*,#1117,.T.);
#1139 = ORIENTED_EDGE('',*,*,#1140,.T.);
#1140 = EDGE_CURVE('',#1110,#1141,#1143,.T.);
#1141 = VERTEX_POINT('',#1142);
#1142 = CARTESIAN_POINT('',(21.3,19.814159265359,-0.314159265359));
#1143 = LINE('',#1144,#1145);
#1144 = CARTESIAN_POINT('',(21.3,18.114159265359,-0.314159265359));
#1145 = VECTOR('',#1146,1.);
#1146 = DIRECTION('',(0.,1.,0.));
#1147 = ORIENTED_EDGE('',*,*,#1148,.F.);
#1148 = EDGE_CURVE('',#1149,#1141,#1151,.T.);
#1149 = VERTEX_POINT('',#1150);
#1150 = CARTESIAN_POINT('',(21.8,19.814159265359,-0.314159265359));
#1151 = LINE('',#1152,#1153);
#1152 = CARTESIAN_POINT('',(21.8,19.814159265359,-0.314159265359));
#1153 = VECTOR('',#1154,1.);
#1154 = DIRECTION('',(-1.,0.,0.));
#1155 = ORIENTED_EDGE('',*,*,#1156,.F.);
#1156 = EDGE_CURVE('',#1118,#1149,#1157,.T.);
#1157 = LINE('',#1158,#1159);
#1158 = CARTESIAN_POINT('',(21.8,18.114159265359,-0.314159265359));
#1159 = VECTOR('',#1160,1.);
#1160 = DIRECTION('',(0.,1.,0.));
#1161 = PLANE('',#1162);
#1162 = AXIS2_PLACEMENT_3D('',#1163,#1164,#1165);
#1163 = CARTESIAN_POINT('',(21.8,18.114159265359,-0.314159265359));
#1164 = DIRECTION('',(-0.,-0.,-1.));
#1165 = DIRECTION('',(0.,1.,0.));
#1166 = ADVANCED_FACE('',(#1167),#1192,.F.);
#1167 = FACE_BOUND('',#1168,.F.);
#1168 = EDGE_LOOP('',(#1169,#1170,#1178,#1186));
#1169 = ORIENTED_EDGE('',*,*,#1148,.T.);
#1170 = ORIENTED_EDGE('',*,*,#1171,.T.);
#1171 = EDGE_CURVE('',#1141,#1172,#1174,.T.);
#1172 = VERTEX_POINT('',#1173);
#1173 = CARTESIAN_POINT('',(21.3,19.814159265359,-2.314159265359));
#1174 = LINE('',#1175,#1176);
#1175 = CARTESIAN_POINT('',(21.3,19.814159265359,-0.314159265359));
#1176 = VECTOR('',#1177,1.);
#1177 = DIRECTION('',(0.,2.2E-16,-1.));
#1178 = ORIENTED_EDGE('',*,*,#1179,.F.);
#1179 = EDGE_CURVE('',#1180,#1172,#1182,.T.);
#1180 = VERTEX_POINT('',#1181);
#1181 = CARTESIAN_POINT('',(21.8,19.814159265359,-2.314159265359));
#1182 = LINE('',#1183,#1184);
#1183 = CARTESIAN_POINT('',(21.8,19.814159265359,-2.314159265359));
#1184 = VECTOR('',#1185,1.);
#1185 = DIRECTION('',(-1.,0.,0.));
#1186 = ORIENTED_EDGE('',*,*,#1187,.F.);
#1187 = EDGE_CURVE('',#1149,#1180,#1188,.T.);
#1188 = LINE('',#1189,#1190);
#1189 = CARTESIAN_POINT('',(21.8,19.814159265359,-0.314159265359));
#1190 = VECTOR('',#1191,1.);
#1191 = DIRECTION('',(0.,2.2E-16,-1.));
#1192 = PLANE('',#1193);
#1193 = AXIS2_PLACEMENT_3D('',#1194,#1195,#1196);
#1194 = CARTESIAN_POINT('',(21.8,19.814159265359,-0.314159265359));
#1195 = DIRECTION('',(-0.,-1.,-2.2E-16));
#1196 = DIRECTION('',(-2.4E-16,2.2E-16,-1.));
#1197 = ADVANCED_FACE('',(#1198),#1223,.F.);
#1198 = FACE_BOUND('',#1199,.F.);
#1199 = EDGE_LOOP('',(#1200,#1201,#1209,#1217));
#1200 = ORIENTED_EDGE('',*,*,#1179,.T.);
#1201 = ORIENTED_EDGE('',*,*,#1202,.T.);
#1202 = EDGE_CURVE('',#1172,#1203,#1205,.T.);
#1203 = VERTEX_POINT('',#1204);
#1204 = CARTESIAN_POINT('',(21.3,18.114159265359,-2.314159265359));
#1205 = LINE('',#1206,#1207);
#1206 = CARTESIAN_POINT('',(21.3,19.814159265359,-2.314159265359));
#1207 = VECTOR('',#1208,1.);
#1208 = DIRECTION('',(0.,-1.,0.));
#1209 = ORIENTED_EDGE('',*,*,#1210,.F.);
#1210 = EDGE_CURVE('',#1211,#1203,#1213,.T.);
#1211 = VERTEX_POINT('',#1212);
#1212 = CARTESIAN_POINT('',(21.8,18.114159265359,-2.314159265359));
#1213 = LINE('',#1214,#1215);
#1214 = CARTESIAN_POINT('',(21.8,18.114159265359,-2.314159265359));
#1215 = VECTOR('',#1216,1.);
#1216 = DIRECTION('',(-1.,0.,0.));
#1217 = ORIENTED_EDGE('',*,*,#1218,.F.);
#1218 = EDGE_CURVE('',#1180,#1211,#1219,.T.);
#1219 = LINE('',#1220,#1221);
#1220 = CARTESIAN_POINT('',(21.8,19.814159265359,-2.314159265359));
#1221 = VECTOR('',#1222,1.);
#1222 = DIRECTION('',(0.,-1.,0.));
#1223 = PLANE('',#1224);
#1224 = AXIS2_PLACEMENT_3D('',#1225,#1226,#1227);
#1225 = CARTESIAN_POINT('',(21.8,19.814159265359,-2.314159265359));
#1226 = DIRECTION('',(0.,0.,1.));
#1227 = DIRECTION('',(0.,-1.,0.));
#1228 = ADVANCED_FACE('',(#1229),#1254,.F.);
#1229 = FACE_BOUND('',#1230,.F.);
#1230 = EDGE_LOOP('',(#1231,#1232,#1240,#1248));
#1231 = ORIENTED_EDGE('',*,*,#1210,.T.);
#1232 = ORIENTED_EDGE('',*,*,#1233,.T.);
#1233 = EDGE_CURVE('',#1203,#1234,#1236,.T.);
#1234 = VERTEX_POINT('',#1235);
#1235 = CARTESIAN_POINT('',(21.3,17.8,-2.314159265359));
#1236 = LINE('',#1237,#1238);
#1237 = CARTESIAN_POINT('',(21.3,18.114159265359,-2.314159265359));
#1238 = VECTOR('',#1239,1.);
#1239 = DIRECTION('',(0.,-1.,0.));
#1240 = ORIENTED_EDGE('',*,*,#1241,.F.);
#1241 = EDGE_CURVE('',#1242,#1234,#1244,.T.);
#1242 = VERTEX_POINT('',#1243);
#1243 = CARTESIAN_POINT('',(21.8,17.8,-2.314159265359));
#1244 = LINE('',#1245,#1246);
#1245 = CARTESIAN_POINT('',(21.8,17.8,-2.314159265359));
#1246 = VECTOR('',#1247,1.);
#1247 = DIRECTION('',(-1.,0.,0.));
#1248 = ORIENTED_EDGE('',*,*,#1249,.F.);
#1249 = EDGE_CURVE('',#1211,#1242,#1250,.T.);
#1250 = LINE('',#1251,#1252);
#1251 = CARTESIAN_POINT('',(21.8,18.114159265359,-2.314159265359));
#1252 = VECTOR('',#1253,1.);
#1253 = DIRECTION('',(0.,-1.,0.));
#1254 = PLANE('',#1255);
#1255 = AXIS2_PLACEMENT_3D('',#1256,#1257,#1258);
#1256 = CARTESIAN_POINT('',(21.8,18.114159265359,-2.314159265359));
#1257 = DIRECTION('',(0.,0.,1.));
#1258 = DIRECTION('',(0.,-1.,0.));
#1259 = ADVANCED_FACE('',(#1260),#1285,.F.);
#1260 = FACE_BOUND('',#1261,.F.);
#1261 = EDGE_LOOP('',(#1262,#1263,#1271,#1279));
#1262 = ORIENTED_EDGE('',*,*,#1241,.T.);
#1263 = ORIENTED_EDGE('',*,*,#1264,.T.);
#1264 = EDGE_CURVE('',#1234,#1265,#1267,.T.);
#1265 = VERTEX_POINT('',#1266);
#1266 = CARTESIAN_POINT('',(21.3,17.8,-40.91415926535));
#1267 = LINE('',#1268,#1269);
#1268 = CARTESIAN_POINT('',(21.3,17.8,-2.314159265359));
#1269 = VECTOR('',#1270,1.);
#1270 = DIRECTION('',(0.,-1.8E-16,-1.));
#1271 = ORIENTED_EDGE('',*,*,#1272,.F.);
#1272 = EDGE_CURVE('',#1273,#1265,#1275,.T.);
#1273 = VERTEX_POINT('',#1274);
#1274 = CARTESIAN_POINT('',(21.8,17.8,-40.91415926535));
#1275 = LINE('',#1276,#1277);
#1276 = CARTESIAN_POINT('',(21.8,17.8,-40.91415926535));
#1277 = VECTOR('',#1278,1.);
#1278 = DIRECTION('',(-1.,0.,0.));
#1279 = ORIENTED_EDGE('',*,*,#1280,.F.);
#1280 = EDGE_CURVE('',#1242,#1273,#1281,.T.);
#1281 = LINE('',#1282,#1283);
#1282 = CARTESIAN_POINT('',(21.8,17.8,-2.314159265359));
#1283 = VECTOR('',#1284,1.);
#1284 = DIRECTION('',(0.,-1.8E-16,-1.));
#1285 = PLANE('',#1286);
#1286 = AXIS2_PLACEMENT_3D('',#1287,#1288,#1289);
#1287 = CARTESIAN_POINT('',(21.8,17.8,-2.314159265359));
#1288 = DIRECTION('',(0.,-1.,1.9E-16));
#1289 = DIRECTION('',(-2.4E-16,-1.9E-16,-1.));
#1290 = ADVANCED_FACE('',(#1291),#1316,.F.);
#1291 = FACE_BOUND('',#1292,.F.);
#1292 = EDGE_LOOP('',(#1293,#1294,#1302,#1310));
#1293 = ORIENTED_EDGE('',*,*,#1272,.T.);
#1294 = ORIENTED_EDGE('',*,*,#1295,.T.);
#1295 = EDGE_CURVE('',#1265,#1296,#1298,.T.);
#1296 = VERTEX_POINT('',#1297);
#1297 = CARTESIAN_POINT('',(21.3,18.114159265359,-40.91415926535));
#1298 = LINE('',#1299,#1300);
#1299 = CARTESIAN_POINT('',(21.3,17.8,-40.91415926535));
#1300 = VECTOR('',#1301,1.);
#1301 = DIRECTION('',(0.,1.,0.));
#1302 = ORIENTED_EDGE('',*,*,#1303,.F.);
#1303 = EDGE_CURVE('',#1304,#1296,#1306,.T.);
#1304 = VERTEX_POINT('',#1305);
#1305 = CARTESIAN_POINT('',(21.8,18.114159265359,-40.91415926535));
#1306 = LINE('',#1307,#1308);
#1307 = CARTESIAN_POINT('',(21.8,18.114159265359,-40.91415926535));
#1308 = VECTOR('',#1309,1.);
#1309 = DIRECTION('',(-1.,0.,0.));
#1310 = ORIENTED_EDGE('',*,*,#1311,.F.);
#1311 = EDGE_CURVE('',#1273,#1304,#1312,.T.);
#1312 = LINE('',#1313,#1314);
#1313 = CARTESIAN_POINT('',(21.8,17.8,-40.91415926535));
#1314 = VECTOR('',#1315,1.);
#1315 = DIRECTION('',(0.,1.,0.));
#1316 = PLANE('',#1317);
#1317 = AXIS2_PLACEMENT_3D('',#1318,#1319,#1320);
#1318 = CARTESIAN_POINT('',(21.8,17.8,-40.91415926535));
#1319 = DIRECTION('',(-0.,-0.,-1.));
#1320 = DIRECTION('',(0.,1.,0.));
#1321 = ADVANCED_FACE('',(#1322),#1347,.F.);
#1322 = FACE_BOUND('',#1323,.F.);
#1323 = EDGE_LOOP('',(#1324,#1325,#1333,#1341));
#1324 = ORIENTED_EDGE('',*,*,#1303,.T.);
#1325 = ORIENTED_EDGE('',*,*,#1326,.T.);
#1326 = EDGE_CURVE('',#1296,#1327,#1329,.T.);
#1327 = VERTEX_POINT('',#1328);
#1328 = CARTESIAN_POINT('',(21.3,19.814159265359,-40.91415926535));
#1329 = LINE('',#1330,#1331);
#1330 = CARTESIAN_POINT('',(21.3,18.114159265359,-40.91415926535));
#1331 = VECTOR('',#1332,1.);
#1332 = DIRECTION('',(0.,1.,0.));
#1333 = ORIENTED_EDGE('',*,*,#1334,.F.);
#1334 = EDGE_CURVE('',#1335,#1327,#1337,.T.);
#1335 = VERTEX_POINT('',#1336);
#1336 = CARTESIAN_POINT('',(21.8,19.814159265359,-40.91415926535));
#1337 = LINE('',#1338,#1339);
#1338 = CARTESIAN_POINT('',(21.8,19.814159265359,-40.91415926535));
#1339 = VECTOR('',#1340,1.);
#1340 = DIRECTION('',(-1.,0.,0.));
#1341 = ORIENTED_EDGE('',*,*,#1342,.F.);
#1342 = EDGE_CURVE('',#1304,#1335,#1343,.T.);
#1343 = LINE('',#1344,#1345);
#1344 = CARTESIAN_POINT('',(21.8,18.114159265359,-40.91415926535));
#1345 = VECTOR('',#1346,1.);
#1346 = DIRECTION('',(0.,1.,0.));
#1347 = PLANE('',#1348);
#1348 = AXIS2_PLACEMENT_3D('',#1349,#1350,#1351);
#1349 = CARTESIAN_POINT('',(21.8,18.114159265359,-40.91415926535));
#1350 = DIRECTION('',(-0.,-0.,-1.));
#1351 = DIRECTION('',(0.,1.,0.));
#1352 = ADVANCED_FACE('',(#1353),#1378,.F.);
#1353 = FACE_BOUND('',#1354,.F.);
#1354 = EDGE_LOOP('',(#1355,#1356,#1364,#1372));
#1355 = ORIENTED_EDGE('',*,*,#1334,.T.);
#1356 = ORIENTED_EDGE('',*,*,#1357,.T.);
#1357 = EDGE_CURVE('',#1327,#1358,#1360,.T.);
#1358 = VERTEX_POINT('',#1359);
#1359 = CARTESIAN_POINT('',(21.3,19.814159265359,-42.91415926535));
#1360 = LINE('',#1361,#1362);
#1361 = CARTESIAN_POINT('',(21.3,19.814159265359,-40.91415926535));
#1362 = VECTOR('',#1363,1.);
#1363 = DIRECTION('',(0.,-5.6E-16,-1.));
#1364 = ORIENTED_EDGE('',*,*,#1365,.F.);
#1365 = EDGE_CURVE('',#1366,#1358,#1368,.T.);
#1366 = VERTEX_POINT('',#1367);
#1367 = CARTESIAN_POINT('',(21.8,19.814159265359,-42.91415926535));
#1368 = LINE('',#1369,#1370);
#1369 = CARTESIAN_POINT('',(21.8,19.814159265359,-42.91415926535));
#1370 = VECTOR('',#1371,1.);
#1371 = DIRECTION('',(-1.,0.,0.));
#1372 = ORIENTED_EDGE('',*,*,#1373,.F.);
#1373 = EDGE_CURVE('',#1335,#1366,#1374,.T.);
#1374 = LINE('',#1375,#1376);
#1375 = CARTESIAN_POINT('',(21.8,19.814159265359,-40.91415926535));
#1376 = VECTOR('',#1377,1.);
#1377 = DIRECTION('',(0.,-5.6E-16,-1.));
#1378 = PLANE('',#1379);
#1379 = AXIS2_PLACEMENT_3D('',#1380,#1381,#1382);
#1380 = CARTESIAN_POINT('',(21.8,19.814159265359,-40.91415926535));
#1381 = DIRECTION('',(0.,-1.,5.6E-16));
#1382 = DIRECTION('',(-2.4E-16,-5.6E-16,-1.));
#1383 = ADVANCED_FACE('',(#1384),#1409,.F.);
#1384 = FACE_BOUND('',#1385,.F.);
#1385 = EDGE_LOOP('',(#1386,#1387,#1395,#1403));
#1386 = ORIENTED_EDGE('',*,*,#1365,.T.);
#1387 = ORIENTED_EDGE('',*,*,#1388,.T.);
#1388 = EDGE_CURVE('',#1358,#1389,#1391,.T.);
#1389 = VERTEX_POINT('',#1390);
#1390 = CARTESIAN_POINT('',(21.3,18.114159265359,-42.91415926535));
#1391 = LINE('',#1392,#1393);
#1392 = CARTESIAN_POINT('',(21.3,19.814159265359,-42.91415926535));
#1393 = VECTOR('',#1394,1.);
#1394 = DIRECTION('',(0.,-1.,0.));
#1395 = ORIENTED_EDGE('',*,*,#1396,.F.);
#1396 = EDGE_CURVE('',#1397,#1389,#1399,.T.);
#1397 = VERTEX_POINT('',#1398);
#1398 = CARTESIAN_POINT('',(21.8,18.114159265359,-42.91415926535));
#1399 = LINE('',#1400,#1401);
#1400 = CARTESIAN_POINT('',(21.8,18.114159265359,-42.91415926535));
#1401 = VECTOR('',#1402,1.);
#1402 = DIRECTION('',(-1.,0.,0.));
#1403 = ORIENTED_EDGE('',*,*,#1404,.F.);
#1404 = EDGE_CURVE('',#1366,#1397,#1405,.T.);
#1405 = LINE('',#1406,#1407);
#1406 = CARTESIAN_POINT('',(21.8,19.814159265359,-42.91415926535));
#1407 = VECTOR('',#1408,1.);
#1408 = DIRECTION('',(0.,-1.,0.));
#1409 = PLANE('',#1410);
#1410 = AXIS2_PLACEMENT_3D('',#1411,#1412,#1413);
#1411 = CARTESIAN_POINT('',(21.8,19.814159265359,-42.91415926535));
#1412 = DIRECTION('',(0.,0.,1.));
#1413 = DIRECTION('',(0.,-1.,0.));
#1414 = ADVANCED_FACE('',(#1415),#1440,.F.);
#1415 = FACE_BOUND('',#1416,.F.);
#1416 = EDGE_LOOP('',(#1417,#1418,#1426,#1434));
#1417 = ORIENTED_EDGE('',*,*,#1396,.T.);
#1418 = ORIENTED_EDGE('',*,*,#1419,.T.);
#1419 = EDGE_CURVE('',#1389,#1420,#1422,.T.);
#1420 = VERTEX_POINT('',#1421);
#1421 = CARTESIAN_POINT('',(21.3,17.8,-42.91415926535));
#1422 = LINE('',#1423,#1424);
#1423 = CARTESIAN_POINT('',(21.3,18.114159265359,-42.91415926535));
#1424 = VECTOR('',#1425,1.);
#1425 = DIRECTION('',(0.,-1.,0.));
#1426 = ORIENTED_EDGE('',*,*,#1427,.F.);
#1427 = EDGE_CURVE('',#1428,#1420,#1430,.T.);
#1428 = VERTEX_POINT('',#1429);
#1429 = CARTESIAN_POINT('',(21.8,17.8,-42.91415926535));
#1430 = LINE('',#1431,#1432);
#1431 = CARTESIAN_POINT('',(21.8,17.8,-42.91415926535));
#1432 = VECTOR('',#1433,1.);
#1433 = DIRECTION('',(-1.,0.,0.));
#1434 = ORIENTED_EDGE('',*,*,#1435,.F.);
#1435 = EDGE_CURVE('',#1397,#1428,#1436,.T.);
#1436 = LINE('',#1437,#1438);
#1437 = CARTESIAN_POINT('',(21.8,18.114159265359,-42.91415926535));
#1438 = VECTOR('',#1439,1.);
#1439 = DIRECTION('',(0.,-1.,0.));
#1440 = PLANE('',#1441);
#1441 = AXIS2_PLACEMENT_3D('',#1442,#1443,#1444);
#1442 = CARTESIAN_POINT('',(21.8,18.114159265359,-42.91415926535));
#1443 = DIRECTION('',(0.,0.,1.));
#1444 = DIRECTION('',(0.,-1.,0.));
#1445 = ADVANCED_FACE('',(#1446),#1471,.F.);
#1446 = FACE_BOUND('',#1447,.F.);
#1447 = EDGE_LOOP('',(#1448,#1449,#1457,#1465));
#1448 = ORIENTED_EDGE('',*,*,#1427,.T.);
#1449 = ORIENTED_EDGE('',*,*,#1450,.T.);
#1450 = EDGE_CURVE('',#1420,#1451,#1453,.T.);
#1451 = VERTEX_POINT('',#1452);
#1452 = CARTESIAN_POINT('',(21.3,17.8,-43.22831853071));
#1453 = LINE('',#1454,#1455);
#1454 = CARTESIAN_POINT('',(21.3,17.8,-42.91415926535));
#1455 = VECTOR('',#1456,1.);
#1456 = DIRECTION('',(0.,0.,-1.));
#1457 = ORIENTED_EDGE('',*,*,#1458,.F.);
#1458 = EDGE_CURVE('',#1459,#1451,#1461,.T.);
#1459 = VERTEX_POINT('',#1460);
#1460 = CARTESIAN_POINT('',(21.8,17.8,-43.22831853071));
#1461 = LINE('',#1462,#1463);
#1462 = CARTESIAN_POINT('',(21.8,17.8,-43.22831853071));
#1463 = VECTOR('',#1464,1.);
#1464 = DIRECTION('',(-1.,0.,0.));
#1465 = ORIENTED_EDGE('',*,*,#1466,.F.);
#1466 = EDGE_CURVE('',#1428,#1459,#1467,.T.);
#1467 = LINE('',#1468,#1469);
#1468 = CARTESIAN_POINT('',(21.8,17.8,-42.91415926535));
#1469 = VECTOR('',#1470,1.);
#1470 = DIRECTION('',(0.,0.,-1.));
#1471 = PLANE('',#1472);
#1472 = AXIS2_PLACEMENT_3D('',#1473,#1474,#1475);
#1473 = CARTESIAN_POINT('',(21.8,17.8,-42.91415926535));
#1474 = DIRECTION('',(0.,-1.,0.));
#1475 = DIRECTION('',(-2.4E-16,-0.,-1.));
#1476 = ADVANCED_FACE('',(#1477),#1502,.F.);
#1477 = FACE_BOUND('',#1478,.F.);
#1478 = EDGE_LOOP('',(#1479,#1480,#1488,#1496));
#1479 = ORIENTED_EDGE('',*,*,#1458,.T.);
#1480 = ORIENTED_EDGE('',*,*,#1481,.T.);
#1481 = EDGE_CURVE('',#1451,#1482,#1484,.T.);
#1482 = VERTEX_POINT('',#1483);
#1483 = CARTESIAN_POINT('',(21.3,17.8,-44.92831853071));
#1484 = LINE('',#1485,#1486);
#1485 = CARTESIAN_POINT('',(21.3,17.8,-43.22831853071));
#1486 = VECTOR('',#1487,1.);
#1487 = DIRECTION('',(0.,2.09E-15,-1.));
#1488 = ORIENTED_EDGE('',*,*,#1489,.F.);
#1489 = EDGE_CURVE('',#1490,#1482,#1492,.T.);
#1490 = VERTEX_POINT('',#1491);
#1491 = CARTESIAN_POINT('',(21.8,17.8,-44.92831853071));
#1492 = LINE('',#1493,#1494);
#1493 = CARTESIAN_POINT('',(21.8,17.8,-44.92831853071));
#1494 = VECTOR('',#1495,1.);
#1495 = DIRECTION('',(-1.,0.,0.));
#1496 = ORIENTED_EDGE('',*,*,#1497,.F.);
#1497 = EDGE_CURVE('',#1459,#1490,#1498,.T.);
#1498 = LINE('',#1499,#1500);
#1499 = CARTESIAN_POINT('',(21.8,17.8,-43.22831853071));
#1500 = VECTOR('',#1501,1.);
#1501 = DIRECTION('',(0.,2.09E-15,-1.));
#1502 = PLANE('',#1503);
#1503 = AXIS2_PLACEMENT_3D('',#1504,#1505,#1506);
#1504 = CARTESIAN_POINT('',(21.8,17.8,-43.22831853071));
#1505 = DIRECTION('',(-0.,-1.,-2.09E-15));
#1506 = DIRECTION('',(-2.4E-16,2.09E-15,-1.));
#1507 = ADVANCED_FACE('',(#1508),#1533,.F.);
#1508 = FACE_BOUND('',#1509,.F.);
#1509 = EDGE_LOOP('',(#1510,#1511,#1519,#1527));
#1510 = ORIENTED_EDGE('',*,*,#1489,.T.);
#1511 = ORIENTED_EDGE('',*,*,#1512,.T.);
#1512 = EDGE_CURVE('',#1482,#1513,#1515,.T.);
#1513 = VERTEX_POINT('',#1514);
#1514 = CARTESIAN_POINT('',(21.3,10.3,-44.92831853071));
#1515 = LINE('',#1516,#1517);
#1516 = CARTESIAN_POINT('',(21.3,17.8,-44.92831853071));
#1517 = VECTOR('',#1518,1.);
#1518 = DIRECTION('',(0.,-1.,1.8E-16));
#1519 = ORIENTED_EDGE('',*,*,#1520,.F.);
#1520 = EDGE_CURVE('',#1521,#1513,#1523,.T.);
#1521 = VERTEX_POINT('',#1522);
#1522 = CARTESIAN_POINT('',(21.8,10.3,-44.92831853071));
#1523 = LINE('',#1524,#1525);
#1524 = CARTESIAN_POINT('',(21.8,10.3,-44.92831853071));
#1525 = VECTOR('',#1526,1.);
#1526 = DIRECTION('',(-1.,0.,0.));
#1527 = ORIENTED_EDGE('',*,*,#1528,.F.);
#1528 = EDGE_CURVE('',#1490,#1521,#1529,.T.);
#1529 = LINE('',#1530,#1531);
#1530 = CARTESIAN_POINT('',(21.8,17.8,-44.92831853071));
#1531 = VECTOR('',#1532,1.);
#1532 = DIRECTION('',(0.,-1.,1.8E-16));
#1533 = PLANE('',#1534);
#1534 = AXIS2_PLACEMENT_3D('',#1535,#1536,#1537);
#1535 = CARTESIAN_POINT('',(21.8,17.8,-44.92831853071));
#1536 = DIRECTION('',(0.,1.8E-16,1.));
#1537 = DIRECTION('',(0.,-1.,1.8E-16));
#1538 = ADVANCED_FACE('',(#1539),#1564,.F.);
#1539 = FACE_BOUND('',#1540,.F.);
#1540 = EDGE_LOOP('',(#1541,#1542,#1550,#1558));
#1541 = ORIENTED_EDGE('',*,*,#1520,.T.);
#1542 = ORIENTED_EDGE('',*,*,#1543,.T.);
#1543 = EDGE_CURVE('',#1513,#1544,#1546,.T.);
#1544 = VERTEX_POINT('',#1545);
#1545 = CARTESIAN_POINT('',(21.3,10.3,-47.42831853071));
#1546 = LINE('',#1547,#1548);
#1547 = CARTESIAN_POINT('',(21.3,10.3,-44.92831853071));
#1548 = VECTOR('',#1549,1.);
#1549 = DIRECTION('',(0.,-1.42E-15,-1.));
#1550 = ORIENTED_EDGE('',*,*,#1551,.F.);
#1551 = EDGE_CURVE('',#1552,#1544,#1554,.T.);
#1552 = VERTEX_POINT('',#1553);
#1553 = CARTESIAN_POINT('',(21.8,10.3,-47.42831853071));
#1554 = LINE('',#1555,#1556);
#1555 = CARTESIAN_POINT('',(21.8,10.3,-47.42831853071));
#1556 = VECTOR('',#1557,1.);
#1557 = DIRECTION('',(-1.,0.,0.));
#1558 = ORIENTED_EDGE('',*,*,#1559,.F.);
#1559 = EDGE_CURVE('',#1521,#1552,#1560,.T.);
#1560 = LINE('',#1561,#1562);
#1561 = CARTESIAN_POINT('',(21.8,10.3,-44.92831853071));
#1562 = VECTOR('',#1563,1.);
#1563 = DIRECTION('',(0.,-1.42E-15,-1.));
#1564 = PLANE('',#1565);
#1565 = AXIS2_PLACEMENT_3D('',#1566,#1567,#1568);
#1566 = CARTESIAN_POINT('',(21.8,10.3,-44.92831853071));
#1567 = DIRECTION('',(0.,-1.,1.42E-15));
#1568 = DIRECTION('',(-2.4E-16,-1.42E-15,-1.));
#1569 = ADVANCED_FACE('',(#1570),#1597,.T.);
#1570 = FACE_BOUND('',#1571,.F.);
#1571 = EDGE_LOOP('',(#1572,#1573,#1582,#1590));
#1572 = ORIENTED_EDGE('',*,*,#1551,.T.);
#1573 = ORIENTED_EDGE('',*,*,#1574,.T.);
#1574 = EDGE_CURVE('',#1544,#1575,#1577,.T.);
#1575 = VERTEX_POINT('',#1576);
#1576 = CARTESIAN_POINT('',(21.3,9.8,-47.92831853071));
#1577 = CIRCLE('',#1578,0.5);
#1578 = AXIS2_PLACEMENT_3D('',#1579,#1580,#1581);
#1579 = CARTESIAN_POINT('',(21.3,9.8,-47.42831853071));
#1580 = DIRECTION('',(-1.,-0.,0.));
#1581 = DIRECTION('',(-0.,1.,-2.44E-15));
#1582 = ORIENTED_EDGE('',*,*,#1583,.F.);
#1583 = EDGE_CURVE('',#1584,#1575,#1586,.T.);
#1584 = VERTEX_POINT('',#1585);
#1585 = CARTESIAN_POINT('',(21.8,9.8,-47.92831853071));
#1586 = LINE('',#1587,#1588);
#1587 = CARTESIAN_POINT('',(21.8,9.8,-47.92831853071));
#1588 = VECTOR('',#1589,1.);
#1589 = DIRECTION('',(-1.,0.,0.));
#1590 = ORIENTED_EDGE('',*,*,#1591,.F.);
#1591 = EDGE_CURVE('',#1552,#1584,#1592,.T.);
#1592 = CIRCLE('',#1593,0.5);
#1593 = AXIS2_PLACEMENT_3D('',#1594,#1595,#1596);
#1594 = CARTESIAN_POINT('',(21.8,9.8,-47.42831853071));
#1595 = DIRECTION('',(-1.,-0.,0.));
#1596 = DIRECTION('',(-0.,1.,-2.44E-15));
#1597 = CYLINDRICAL_SURFACE('',#1598,0.5);
#1598 = AXIS2_PLACEMENT_3D('',#1599,#1600,#1601);
#1599 = CARTESIAN_POINT('',(21.8,9.8,-47.42831853071));
#1600 = DIRECTION('',(1.,0.,-2.4E-16));
#1601 = DIRECTION('',(-5.88E-31,1.,-2.45E-15));
#1602 = ADVANCED_FACE('',(#1603),#1628,.F.);
#1603 = FACE_BOUND('',#1604,.F.);
#1604 = EDGE_LOOP('',(#1605,#1606,#1614,#1622));
#1605 = ORIENTED_EDGE('',*,*,#1583,.T.);
#1606 = ORIENTED_EDGE('',*,*,#1607,.T.);
#1607 = EDGE_CURVE('',#1575,#1608,#1610,.T.);
#1608 = VERTEX_POINT('',#1609);
#1609 = CARTESIAN_POINT('',(21.3,5.8,-47.92831853071));
#1610 = LINE('',#1611,#1612);
#1611 = CARTESIAN_POINT('',(21.3,9.8,-47.92831853071));
#1612 = VECTOR('',#1613,1.);
#1613 = DIRECTION('',(0.,-1.,2.2E-16));
#1614 = ORIENTED_EDGE('',*,*,#1615,.F.);
#1615 = EDGE_CURVE('',#1616,#1608,#1618,.T.);
#1616 = VERTEX_POINT('',#1617);
#1617 = CARTESIAN_POINT('',(21.8,5.8,-47.92831853071));
#1618 = LINE('',#1619,#1620);
#1619 = CARTESIAN_POINT('',(21.8,5.8,-47.92831853071));
#1620 = VECTOR('',#1621,1.);
#1621 = DIRECTION('',(-1.,0.,0.));
#1622 = ORIENTED_EDGE('',*,*,#1623,.F.);
#1623 = EDGE_CURVE('',#1584,#1616,#1624,.T.);
#1624 = LINE('',#1625,#1626);
#1625 = CARTESIAN_POINT('',(21.8,9.8,-47.92831853071));
#1626 = VECTOR('',#1627,1.);
#1627 = DIRECTION('',(0.,-1.,2.2E-16));
#1628 = PLANE('',#1629);
#1629 = AXIS2_PLACEMENT_3D('',#1630,#1631,#1632);
#1630 = CARTESIAN_POINT('',(21.8,9.8,-47.92831853071));
#1631 = DIRECTION('',(0.,2.2E-16,1.));
#1632 = DIRECTION('',(0.,-1.,2.2E-16));
#1633 = ADVANCED_FACE('',(#1634),#1661,.T.);
#1634 = FACE_BOUND('',#1635,.F.);
#1635 = EDGE_LOOP('',(#1636,#1637,#1646,#1654));
#1636 = ORIENTED_EDGE('',*,*,#1615,.T.);
#1637 = ORIENTED_EDGE('',*,*,#1638,.T.);
#1638 = EDGE_CURVE('',#1608,#1639,#1641,.T.);
#1639 = VERTEX_POINT('',#1640);
#1640 = CARTESIAN_POINT('',(21.3,5.3,-47.42831853071));
#1641 = CIRCLE('',#1642,0.5);
#1642 = AXIS2_PLACEMENT_3D('',#1643,#1644,#1645);
#1643 = CARTESIAN_POINT('',(21.3,5.8,-47.42831853071));
#1644 = DIRECTION('',(-1.,-0.,0.));
#1645 = DIRECTION('',(-0.,3.55E-15,-1.));
#1646 = ORIENTED_EDGE('',*,*,#1647,.F.);
#1647 = EDGE_CURVE('',#1648,#1639,#1650,.T.);
#1648 = VERTEX_POINT('',#1649);
#1649 = CARTESIAN_POINT('',(21.8,5.3,-47.42831853071));
#1650 = LINE('',#1651,#1652);
#1651 = CARTESIAN_POINT('',(21.8,5.3,-47.42831853071));
#1652 = VECTOR('',#1653,1.);
#1653 = DIRECTION('',(-1.,0.,0.));
#1654 = ORIENTED_EDGE('',*,*,#1655,.F.);
#1655 = EDGE_CURVE('',#1616,#1648,#1656,.T.);
#1656 = CIRCLE('',#1657,0.5);
#1657 = AXIS2_PLACEMENT_3D('',#1658,#1659,#1660);
#1658 = CARTESIAN_POINT('',(21.8,5.8,-47.42831853071));
#1659 = DIRECTION('',(-1.,-0.,0.));
#1660 = DIRECTION('',(-0.,3.55E-15,-1.));
#1661 = CYLINDRICAL_SURFACE('',#1662,0.5);
#1662 = AXIS2_PLACEMENT_3D('',#1663,#1664,#1665);
#1663 = CARTESIAN_POINT('',(21.8,5.8,-47.42831853071));
#1664 = DIRECTION('',(1.,0.,-2.4E-16));
#1665 = DIRECTION('',(-2.4E-16,3.55E-15,-1.));
#1666 = ADVANCED_FACE('',(#1667),#1692,.F.);
#1667 = FACE_BOUND('',#1668,.F.);
#1668 = EDGE_LOOP('',(#1669,#1670,#1678,#1686));
#1669 = ORIENTED_EDGE('',*,*,#1647,.T.);
#1670 = ORIENTED_EDGE('',*,*,#1671,.T.);
#1671 = EDGE_CURVE('',#1639,#1672,#1674,.T.);
#1672 = VERTEX_POINT('',#1673);
#1673 = CARTESIAN_POINT('',(21.3,5.3,-46.42831857066));
#1674 = LINE('',#1675,#1676);
#1675 = CARTESIAN_POINT('',(21.3,5.3,-47.42831853071));
#1676 = VECTOR('',#1677,1.);
#1677 = DIRECTION('',(0.,-1.78E-15,1.));
#1678 = ORIENTED_EDGE('',*,*,#1679,.F.);
#1679 = EDGE_CURVE('',#1680,#1672,#1682,.T.);
#1680 = VERTEX_POINT('',#1681);
#1681 = CARTESIAN_POINT('',(21.8,5.3,-46.42831857066));
#1682 = LINE('',#1683,#1684);
#1683 = CARTESIAN_POINT('',(21.8,5.3,-46.42831857066));
#1684 = VECTOR('',#1685,1.);
#1685 = DIRECTION('',(-1.,0.,0.));
#1686 = ORIENTED_EDGE('',*,*,#1687,.F.);
#1687 = EDGE_CURVE('',#1648,#1680,#1688,.T.);
#1688 = LINE('',#1689,#1690);
#1689 = CARTESIAN_POINT('',(21.8,5.3,-47.42831853071));
#1690 = VECTOR('',#1691,1.);
#1691 = DIRECTION('',(0.,-1.78E-15,1.));
#1692 = PLANE('',#1693);
#1693 = AXIS2_PLACEMENT_3D('',#1694,#1695,#1696);
#1694 = CARTESIAN_POINT('',(21.8,5.3,-47.42831853071));
#1695 = DIRECTION('',(0.,1.,1.77E-15));
#1696 = DIRECTION('',(2.4E-16,-1.77E-15,1.));
#1697 = ADVANCED_FACE('',(#1698),#1725,.T.);
#1698 = FACE_BOUND('',#1699,.F.);
#1699 = EDGE_LOOP('',(#1700,#1701,#1710,#1718));
#1700 = ORIENTED_EDGE('',*,*,#1679,.T.);
#1701 = ORIENTED_EDGE('',*,*,#1702,.T.);
#1702 = EDGE_CURVE('',#1672,#1703,#1705,.T.);
#1703 = VERTEX_POINT('',#1704);
#1704 = CARTESIAN_POINT('',(21.3,5.8,-45.92831857066));
#1705 = CIRCLE('',#1706,0.5);
#1706 = AXIS2_PLACEMENT_3D('',#1707,#1708,#1709);
#1707 = CARTESIAN_POINT('',(21.3,5.8,-46.42831857066));
#1708 = DIRECTION('',(-1.,-0.,0.));
#1709 = DIRECTION('',(0.,-1.,-4.44E-15));
#1710 = ORIENTED_EDGE('',*,*,#1711,.F.);
#1711 = EDGE_CURVE('',#1712,#1703,#1714,.T.);
#1712 = VERTEX_POINT('',#1713);
#1713 = CARTESIAN_POINT('',(21.8,5.8,-45.92831857066));
#1714 = LINE('',#1715,#1716);
#1715 = CARTESIAN_POINT('',(21.8,5.8,-45.92831857066));
#1716 = VECTOR('',#1717,1.);
#1717 = DIRECTION('',(-1.,0.,0.));
#1718 = ORIENTED_EDGE('',*,*,#1719,.F.);
#1719 = EDGE_CURVE('',#1680,#1712,#1720,.T.);
#1720 = CIRCLE('',#1721,0.5);
#1721 = AXIS2_PLACEMENT_3D('',#1722,#1723,#1724);
#1722 = CARTESIAN_POINT('',(21.8,5.8,-46.42831857066));
#1723 = DIRECTION('',(-1.,-0.,0.));
#1724 = DIRECTION('',(0.,-1.,-4.44E-15));
#1725 = CYLINDRICAL_SURFACE('',#1726,0.5);
#1726 = AXIS2_PLACEMENT_3D('',#1727,#1728,#1729);
#1727 = CARTESIAN_POINT('',(21.8,5.8,-46.42831857066));
#1728 = DIRECTION('',(1.,0.,-2.4E-16));
#1729 = DIRECTION('',(-1.0656E-30,-1.,-4.44E-15));
#1730 = ADVANCED_FACE('',(#1731),#1756,.F.);
#1731 = FACE_BOUND('',#1732,.F.);
#1732 = EDGE_LOOP('',(#1733,#1734,#1742,#1750));
#1733 = ORIENTED_EDGE('',*,*,#1711,.T.);
#1734 = ORIENTED_EDGE('',*,*,#1735,.T.);
#1735 = EDGE_CURVE('',#1703,#1736,#1738,.T.);
#1736 = VERTEX_POINT('',#1737);
#1737 = CARTESIAN_POINT('',(21.3,6.181966022643,-45.92831857066));
#1738 = LINE('',#1739,#1740);
#1739 = CARTESIAN_POINT('',(21.3,5.8,-45.92831857066));
#1740 = VECTOR('',#1741,1.);
#1741 = DIRECTION('',(0.,1.,1.74E-15));
#1742 = ORIENTED_EDGE('',*,*,#1743,.F.);
#1743 = EDGE_CURVE('',#1744,#1736,#1746,.T.);
#1744 = VERTEX_POINT('',#1745);
#1745 = CARTESIAN_POINT('',(21.8,6.181966022643,-45.92831857066));
#1746 = LINE('',#1747,#1748);
#1747 = CARTESIAN_POINT('',(21.8,6.181966022643,-45.92831857066));
#1748 = VECTOR('',#1749,1.);
#1749 = DIRECTION('',(-1.,0.,0.));
#1750 = ORIENTED_EDGE('',*,*,#1751,.F.);
#1751 = EDGE_CURVE('',#1712,#1744,#1752,.T.);
#1752 = LINE('',#1753,#1754);
#1753 = CARTESIAN_POINT('',(21.8,5.8,-45.92831857066));
#1754 = VECTOR('',#1755,1.);
#1755 = DIRECTION('',(0.,1.,1.74E-15));
#1756 = PLANE('',#1757);
#1757 = AXIS2_PLACEMENT_3D('',#1758,#1759,#1760);
#1758 = CARTESIAN_POINT('',(21.8,5.8,-45.92831857066));
#1759 = DIRECTION('',(0.,1.74E-15,-1.));
#1760 = DIRECTION('',(0.,1.,1.74E-15));
#1761 = ADVANCED_FACE('',(#1762),#1789,.T.);
#1762 = FACE_BOUND('',#1763,.F.);
#1763 = EDGE_LOOP('',(#1764,#1765,#1774,#1782));
#1764 = ORIENTED_EDGE('',*,*,#1743,.T.);
#1765 = ORIENTED_EDGE('',*,*,#1766,.T.);
#1766 = EDGE_CURVE('',#1736,#1767,#1769,.T.);
#1767 = VERTEX_POINT('',#1768);
#1768 = CARTESIAN_POINT('',(21.3,6.927322007548,-46.2616518955));
#1769 = CIRCLE('',#1770,1.);
#1770 = AXIS2_PLACEMENT_3D('',#1771,#1772,#1773);
#1771 = CARTESIAN_POINT('',(21.3,6.181966022643,-46.92831857066));
#1772 = DIRECTION('',(-1.,0.,0.));
#1773 = DIRECTION('',(0.,1.78E-15,1.));
#1774 = ORIENTED_EDGE('',*,*,#1775,.F.);
#1775 = EDGE_CURVE('',#1776,#1767,#1778,.T.);
#1776 = VERTEX_POINT('',#1777);
#1777 = CARTESIAN_POINT('',(21.8,6.927322007548,-46.2616518955));
#1778 = LINE('',#1779,#1780);
#1779 = CARTESIAN_POINT('',(21.8,6.927322007548,-46.2616518955));
#1780 = VECTOR('',#1781,1.);
#1781 = DIRECTION('',(-1.,0.,0.));
#1782 = ORIENTED_EDGE('',*,*,#1783,.F.);
#1783 = EDGE_CURVE('',#1744,#1776,#1784,.T.);
#1784 = CIRCLE('',#1785,1.);
#1785 = AXIS2_PLACEMENT_3D('',#1786,#1787,#1788);
#1786 = CARTESIAN_POINT('',(21.8,6.181966022643,-46.92831857066));
#1787 = DIRECTION('',(-1.,0.,0.));
#1788 = DIRECTION('',(0.,1.78E-15,1.));
#1789 = CYLINDRICAL_SURFACE('',#1790,1.);
#1790 = AXIS2_PLACEMENT_3D('',#1791,#1792,#1793);
#1791 = CARTESIAN_POINT('',(21.8,6.181966022643,-46.92831857066));
#1792 = DIRECTION('',(1.,0.,-2.4E-16));
#1793 = DIRECTION('',(2.4E-16,1.78E-15,1.));
#1794 = ADVANCED_FACE('',(#1795),#1822,.F.);
#1795 = FACE_BOUND('',#1796,.F.);
#1796 = EDGE_LOOP('',(#1797,#1798,#1807,#1815));
#1797 = ORIENTED_EDGE('',*,*,#1775,.T.);
#1798 = ORIENTED_EDGE('',*,*,#1799,.T.);
#1799 = EDGE_CURVE('',#1767,#1800,#1802,.T.);
#1800 = VERTEX_POINT('',#1801);
#1801 = CARTESIAN_POINT('',(21.3,7.8,-45.92831854518));
#1802 = CIRCLE('',#1803,0.5);
#1803 = AXIS2_PLACEMENT_3D('',#1804,#1805,#1806);
#1804 = CARTESIAN_POINT('',(21.3,7.3,-45.92831855792));
#1805 = DIRECTION('',(1.,0.,0.));
#1806 = DIRECTION('',(0.,-0.745355984905,-0.666666675158));
#1807 = ORIENTED_EDGE('',*,*,#1808,.F.);
#1808 = EDGE_CURVE('',#1809,#1800,#1811,.T.);
#1809 = VERTEX_POINT('',#1810);
#1810 = CARTESIAN_POINT('',(21.8,7.8,-45.92831854518));
#1811 = LINE('',#1812,#1813);
#1812 = CARTESIAN_POINT('',(21.8,7.8,-45.92831854518));
#1813 = VECTOR('',#1814,1.);
#1814 = DIRECTION('',(-1.,0.,0.));
#1815 = ORIENTED_EDGE('',*,*,#1816,.F.);
#1816 = EDGE_CURVE('',#1776,#1809,#1817,.T.);
#1817 = CIRCLE('',#1818,0.5);
#1818 = AXIS2_PLACEMENT_3D('',#1819,#1820,#1821);
#1819 = CARTESIAN_POINT('',(21.8,7.3,-45.92831855792));
#1820 = DIRECTION('',(1.,0.,0.));
#1821 = DIRECTION('',(0.,-0.745355984905,-0.666666675158));
#1822 = CYLINDRICAL_SURFACE('',#1823,0.5);
#1823 = AXIS2_PLACEMENT_3D('',#1824,#1825,#1826);
#1824 = CARTESIAN_POINT('',(21.8,7.3,-45.92831855792));
#1825 = DIRECTION('',(1.,0.,-2.4E-16));
#1826 = DIRECTION('',(-1.60000002038E-16,-0.745355984905,-0.666666675158
    ));
#1827 = ADVANCED_FACE('',(#1828),#1853,.F.);
#1828 = FACE_BOUND('',#1829,.F.);
#1829 = EDGE_LOOP('',(#1830,#1831,#1839,#1847));
#1830 = ORIENTED_EDGE('',*,*,#1808,.T.);
#1831 = ORIENTED_EDGE('',*,*,#1832,.T.);
#1832 = EDGE_CURVE('',#1800,#1833,#1835,.T.);
#1833 = VERTEX_POINT('',#1834);
#1834 = CARTESIAN_POINT('',(21.3,7.8,-44.92831854518));
#1835 = LINE('',#1836,#1837);
#1836 = CARTESIAN_POINT('',(21.3,7.8,-45.92831854518));
#1837 = VECTOR('',#1838,1.);
#1838 = DIRECTION('',(0.,1.78E-15,1.));
#1839 = ORIENTED_EDGE('',*,*,#1840,.F.);
#1840 = EDGE_CURVE('',#1841,#1833,#1843,.T.);
#1841 = VERTEX_POINT('',#1842);
#1842 = CARTESIAN_POINT('',(21.8,7.8,-44.92831854518));
#1843 = LINE('',#1844,#1845);
#1844 = CARTESIAN_POINT('',(21.8,7.8,-44.92831854518));
#1845 = VECTOR('',#1846,1.);
#1846 = DIRECTION('',(-1.,0.,0.));
#1847 = ORIENTED_EDGE('',*,*,#1848,.F.);
#1848 = EDGE_CURVE('',#1809,#1841,#1849,.T.);
#1849 = LINE('',#1850,#1851);
#1850 = CARTESIAN_POINT('',(21.8,7.8,-45.92831854518));
#1851 = VECTOR('',#1852,1.);
#1852 = DIRECTION('',(0.,1.78E-15,1.));
#1853 = PLANE('',#1854);
#1854 = AXIS2_PLACEMENT_3D('',#1855,#1856,#1857);
#1855 = CARTESIAN_POINT('',(21.8,7.8,-45.92831854518));
#1856 = DIRECTION('',(0.,1.,-1.78E-15));
#1857 = DIRECTION('',(2.4E-16,1.78E-15,1.));
#1858 = ADVANCED_FACE('',(#1859),#1884,.F.);
#1859 = FACE_BOUND('',#1860,.F.);
#1860 = EDGE_LOOP('',(#1861,#1862,#1870,#1878));
#1861 = ORIENTED_EDGE('',*,*,#1840,.T.);
#1862 = ORIENTED_EDGE('',*,*,#1863,.T.);
#1863 = EDGE_CURVE('',#1833,#1864,#1866,.T.);
#1864 = VERTEX_POINT('',#1865);
#1865 = CARTESIAN_POINT('',(21.3,1.3,-44.92831854518));
#1866 = LINE('',#1867,#1868);
#1867 = CARTESIAN_POINT('',(21.3,7.8,-44.92831854518));
#1868 = VECTOR('',#1869,1.);
#1869 = DIRECTION('',(0.,-1.,2.E-16));
#1870 = ORIENTED_EDGE('',*,*,#1871,.F.);
#1871 = EDGE_CURVE('',#1872,#1864,#1874,.T.);
#1872 = VERTEX_POINT('',#1873);
#1873 = CARTESIAN_POINT('',(21.8,1.3,-44.92831854518));
#1874 = LINE('',#1875,#1876);
#1875 = CARTESIAN_POINT('',(21.8,1.3,-44.92831854518));
#1876 = VECTOR('',#1877,1.);
#1877 = DIRECTION('',(-1.,0.,0.));
#1878 = ORIENTED_EDGE('',*,*,#1879,.F.);
#1879 = EDGE_CURVE('',#1841,#1872,#1880,.T.);
#1880 = LINE('',#1881,#1882);
#1881 = CARTESIAN_POINT('',(21.8,7.8,-44.92831854518));
#1882 = VECTOR('',#1883,1.);
#1883 = DIRECTION('',(0.,-1.,2.E-16));
#1884 = PLANE('',#1885);
#1885 = AXIS2_PLACEMENT_3D('',#1886,#1887,#1888);
#1886 = CARTESIAN_POINT('',(21.8,7.8,-44.92831854518));
#1887 = DIRECTION('',(0.,2.1E-16,1.));
#1888 = DIRECTION('',(0.,-1.,2.1E-16));
#1889 = ADVANCED_FACE('',(#1890),#1915,.F.);
#1890 = FACE_BOUND('',#1891,.F.);
#1891 = EDGE_LOOP('',(#1892,#1893,#1901,#1909));
#1892 = ORIENTED_EDGE('',*,*,#1871,.T.);
#1893 = ORIENTED_EDGE('',*,*,#1894,.T.);
#1894 = EDGE_CURVE('',#1864,#1895,#1897,.T.);
#1895 = VERTEX_POINT('',#1896);
#1896 = CARTESIAN_POINT('',(21.3,1.3,-45.72831853071));
#1897 = LINE('',#1898,#1899);
#1898 = CARTESIAN_POINT('',(21.3,1.3,-44.92831854518));
#1899 = VECTOR('',#1900,1.);
#1900 = DIRECTION('',(0.,0.,-1.));
#1901 = ORIENTED_EDGE('',*,*,#1902,.F.);
#1902 = EDGE_CURVE('',#1903,#1895,#1905,.T.);
#1903 = VERTEX_POINT('',#1904);
#1904 = CARTESIAN_POINT('',(21.8,1.3,-45.72831853071));
#1905 = LINE('',#1906,#1907);
#1906 = CARTESIAN_POINT('',(21.8,1.3,-45.72831853071));
#1907 = VECTOR('',#1908,1.);
#1908 = DIRECTION('',(-1.,0.,0.));
#1909 = ORIENTED_EDGE('',*,*,#1910,.F.);
#1910 = EDGE_CURVE('',#1872,#1903,#1911,.T.);
#1911 = LINE('',#1912,#1913);
#1912 = CARTESIAN_POINT('',(21.8,1.3,-44.92831854518));
#1913 = VECTOR('',#1914,1.);
#1914 = DIRECTION('',(0.,0.,-1.));
#1915 = PLANE('',#1916);
#1916 = AXIS2_PLACEMENT_3D('',#1917,#1918,#1919);
#1917 = CARTESIAN_POINT('',(21.8,1.3,-44.92831854518));
#1918 = DIRECTION('',(0.,-1.,0.));
#1919 = DIRECTION('',(-2.4E-16,-0.,-1.));
#1920 = ADVANCED_FACE('',(#1921),#1948,.T.);
#1921 = FACE_BOUND('',#1922,.F.);
#1922 = EDGE_LOOP('',(#1923,#1924,#1933,#1941));
#1923 = ORIENTED_EDGE('',*,*,#1902,.T.);
#1924 = ORIENTED_EDGE('',*,*,#1925,.T.);
#1925 = EDGE_CURVE('',#1895,#1926,#1928,.T.);
#1926 = VERTEX_POINT('',#1927);
#1927 = CARTESIAN_POINT('',(21.3,1.1,-45.92831853071));
#1928 = CIRCLE('',#1929,0.2);
#1929 = AXIS2_PLACEMENT_3D('',#1930,#1931,#1932);
#1930 = CARTESIAN_POINT('',(21.3,1.1,-45.72831853071));
#1931 = DIRECTION('',(-1.,-0.,0.));
#1932 = DIRECTION('',(-0.,1.,-3.331E-14));
#1933 = ORIENTED_EDGE('',*,*,#1934,.F.);
#1934 = EDGE_CURVE('',#1935,#1926,#1937,.T.);
#1935 = VERTEX_POINT('',#1936);
#1936 = CARTESIAN_POINT('',(21.8,1.1,-45.92831853071));
#1937 = LINE('',#1938,#1939);
#1938 = CARTESIAN_POINT('',(21.8,1.1,-45.92831853071));
#1939 = VECTOR('',#1940,1.);
#1940 = DIRECTION('',(-1.,0.,0.));
#1941 = ORIENTED_EDGE('',*,*,#1942,.F.);
#1942 = EDGE_CURVE('',#1903,#1935,#1943,.T.);
#1943 = CIRCLE('',#1944,0.2);
#1944 = AXIS2_PLACEMENT_3D('',#1945,#1946,#1947);
#1945 = CARTESIAN_POINT('',(21.8,1.1,-45.72831853071));
#1946 = DIRECTION('',(-1.,-0.,0.));
#1947 = DIRECTION('',(-0.,1.,-3.331E-14));
#1948 = CYLINDRICAL_SURFACE('',#1949,0.2);
#1949 = AXIS2_PLACEMENT_3D('',#1950,#1951,#1952);
#1950 = CARTESIAN_POINT('',(21.8,1.1,-45.72831853071));
#1951 = DIRECTION('',(1.,0.,-2.4E-16));
#1952 = DIRECTION('',(-7.9944E-30,1.,-3.331E-14));
#1953 = ADVANCED_FACE('',(#1954),#1979,.F.);
#1954 = FACE_BOUND('',#1955,.F.);
#1955 = EDGE_LOOP('',(#1956,#1957,#1965,#1973));
#1956 = ORIENTED_EDGE('',*,*,#1934,.T.);
#1957 = ORIENTED_EDGE('',*,*,#1958,.T.);
#1958 = EDGE_CURVE('',#1926,#1959,#1961,.T.);
#1959 = VERTEX_POINT('',#1960);
#1960 = CARTESIAN_POINT('',(21.3,0.7,-45.92831853071));
#1961 = LINE('',#1962,#1963);
#1962 = CARTESIAN_POINT('',(21.3,1.1,-45.92831853071));
#1963 = VECTOR('',#1964,1.);
#1964 = DIRECTION('',(0.,-1.,2.22E-15));
#1965 = ORIENTED_EDGE('',*,*,#1966,.F.);
#1966 = EDGE_CURVE('',#1967,#1959,#1969,.T.);
#1967 = VERTEX_POINT('',#1968);
#1968 = CARTESIAN_POINT('',(21.8,0.7,-45.92831853071));
#1969 = LINE('',#1970,#1971);
#1970 = CARTESIAN_POINT('',(21.8,0.7,-45.92831853071));
#1971 = VECTOR('',#1972,1.);
#1972 = DIRECTION('',(-1.,0.,0.));
#1973 = ORIENTED_EDGE('',*,*,#1974,.F.);
#1974 = EDGE_CURVE('',#1935,#1967,#1975,.T.);
#1975 = LINE('',#1976,#1977);
#1976 = CARTESIAN_POINT('',(21.8,1.1,-45.92831853071));
#1977 = VECTOR('',#1978,1.);
#1978 = DIRECTION('',(0.,-1.,2.22E-15));
#1979 = PLANE('',#1980);
#1980 = AXIS2_PLACEMENT_3D('',#1981,#1982,#1983);
#1981 = CARTESIAN_POINT('',(21.8,1.1,-45.92831853071));
#1982 = DIRECTION('',(0.,2.22E-15,1.));
#1983 = DIRECTION('',(0.,-1.,2.22E-15));
#1984 = ADVANCED_FACE('',(#1985),#2012,.T.);
#1985 = FACE_BOUND('',#1986,.F.);
#1986 = EDGE_LOOP('',(#1987,#1988,#1997,#2005));
#1987 = ORIENTED_EDGE('',*,*,#1966,.T.);
#1988 = ORIENTED_EDGE('',*,*,#1989,.T.);
#1989 = EDGE_CURVE('',#1959,#1990,#1992,.T.);
#1990 = VERTEX_POINT('',#1991);
#1991 = CARTESIAN_POINT('',(21.3,0.5,-45.72831853071));
#1992 = CIRCLE('',#1993,0.2);
#1993 = AXIS2_PLACEMENT_3D('',#1994,#1995,#1996);
#1994 = CARTESIAN_POINT('',(21.3,0.7,-45.72831853071));
#1995 = DIRECTION('',(-1.,-0.,-0.));
#1996 = DIRECTION('',(0.,0.,-1.));
#1997 = ORIENTED_EDGE('',*,*,#1998,.F.);
#1998 = EDGE_CURVE('',#1999,#1990,#2001,.T.);
#1999 = VERTEX_POINT('',#2000);
#2000 = CARTESIAN_POINT('',(21.8,0.5,-45.72831853071));
#2001 = LINE('',#2002,#2003);
#2002 = CARTESIAN_POINT('',(21.8,0.5,-45.72831853071));
#2003 = VECTOR('',#2004,1.);
#2004 = DIRECTION('',(-1.,0.,0.));
#2005 = ORIENTED_EDGE('',*,*,#2006,.F.);
#2006 = EDGE_CURVE('',#1967,#1999,#2007,.T.);
#2007 = CIRCLE('',#2008,0.2);
#2008 = AXIS2_PLACEMENT_3D('',#2009,#2010,#2011);
#2009 = CARTESIAN_POINT('',(21.8,0.7,-45.72831853071));
#2010 = DIRECTION('',(-1.,-0.,-0.));
#2011 = DIRECTION('',(0.,0.,-1.));
#2012 = CYLINDRICAL_SURFACE('',#2013,0.2);
#2013 = AXIS2_PLACEMENT_3D('',#2014,#2015,#2016);
#2014 = CARTESIAN_POINT('',(21.8,0.7,-45.72831853071));
#2015 = DIRECTION('',(1.,0.,-2.4E-16));
#2016 = DIRECTION('',(-2.4E-16,-0.,-1.));
#2017 = ADVANCED_FACE('',(#2018),#2043,.F.);
#2018 = FACE_BOUND('',#2019,.F.);
#2019 = EDGE_LOOP('',(#2020,#2021,#2029,#2037));
#2020 = ORIENTED_EDGE('',*,*,#1998,.T.);
#2021 = ORIENTED_EDGE('',*,*,#2022,.T.);
#2022 = EDGE_CURVE('',#1990,#2023,#2025,.T.);
#2023 = VERTEX_POINT('',#2024);
#2024 = CARTESIAN_POINT('',(21.3,0.5,-44.92831853071));
#2025 = LINE('',#2026,#2027);
#2026 = CARTESIAN_POINT('',(21.3,0.5,-45.72831853071));
#2027 = VECTOR('',#2028,1.);
#2028 = DIRECTION('',(0.,0.,1.));
#2029 = ORIENTED_EDGE('',*,*,#2030,.F.);
#2030 = EDGE_CURVE('',#2031,#2023,#2033,.T.);
#2031 = VERTEX_POINT('',#2032);
#2032 = CARTESIAN_POINT('',(21.8,0.5,-44.92831853071));
#2033 = LINE('',#2034,#2035);
#2034 = CARTESIAN_POINT('',(21.8,0.5,-44.92831853071));
#2035 = VECTOR('',#2036,1.);
#2036 = DIRECTION('',(-1.,0.,0.));
#2037 = ORIENTED_EDGE('',*,*,#2038,.F.);
#2038 = EDGE_CURVE('',#1999,#2031,#2039,.T.);
#2039 = LINE('',#2040,#2041);
#2040 = CARTESIAN_POINT('',(21.8,0.5,-45.72831853071));
#2041 = VECTOR('',#2042,1.);
#2042 = DIRECTION('',(0.,0.,1.));
#2043 = PLANE('',#2044);
#2044 = AXIS2_PLACEMENT_3D('',#2045,#2046,#2047);
#2045 = CARTESIAN_POINT('',(21.8,0.5,-45.72831853071));
#2046 = DIRECTION('',(0.,1.,0.));
#2047 = DIRECTION('',(2.4E-16,0.,1.));
#2048 = ADVANCED_FACE('',(#2049),#2074,.F.);
#2049 = FACE_BOUND('',#2050,.F.);
#2050 = EDGE_LOOP('',(#2051,#2052,#2060,#2068));
#2051 = ORIENTED_EDGE('',*,*,#2030,.T.);
#2052 = ORIENTED_EDGE('',*,*,#2053,.T.);
#2053 = EDGE_CURVE('',#2023,#2054,#2056,.T.);
#2054 = VERTEX_POINT('',#2055);
#2055 = CARTESIAN_POINT('',(21.3,-6.,-44.92831853071));
#2056 = LINE('',#2057,#2058);
#2057 = CARTESIAN_POINT('',(21.3,0.5,-44.92831853071));
#2058 = VECTOR('',#2059,1.);
#2059 = DIRECTION('',(0.,-1.,2.7E-16));
#2060 = ORIENTED_EDGE('',*,*,#2061,.F.);
#2061 = EDGE_CURVE('',#2062,#2054,#2064,.T.);
#2062 = VERTEX_POINT('',#2063);
#2063 = CARTESIAN_POINT('',(21.8,-6.,-44.92831853071));
#2064 = LINE('',#2065,#2066);
#2065 = CARTESIAN_POINT('',(21.8,-6.,-44.92831853071));
#2066 = VECTOR('',#2067,1.);
#2067 = DIRECTION('',(-1.,0.,0.));
#2068 = ORIENTED_EDGE('',*,*,#2069,.F.);
#2069 = EDGE_CURVE('',#2031,#2062,#2070,.T.);
#2070 = LINE('',#2071,#2072);
#2071 = CARTESIAN_POINT('',(21.8,0.5,-44.92831853071));
#2072 = VECTOR('',#2073,1.);
#2073 = DIRECTION('',(0.,-1.,2.7E-16));
#2074 = PLANE('',#2075);
#2075 = AXIS2_PLACEMENT_3D('',#2076,#2077,#2078);
#2076 = CARTESIAN_POINT('',(21.8,0.5,-44.92831853071));
#2077 = DIRECTION('',(0.,2.8E-16,1.));
#2078 = DIRECTION('',(0.,-1.,2.8E-16));
#2079 = ADVANCED_FACE('',(#2080),#2105,.F.);
#2080 = FACE_BOUND('',#2081,.F.);
#2081 = EDGE_LOOP('',(#2082,#2083,#2091,#2099));
#2082 = ORIENTED_EDGE('',*,*,#2061,.T.);
#2083 = ORIENTED_EDGE('',*,*,#2084,.T.);
#2084 = EDGE_CURVE('',#2054,#2085,#2087,.T.);
#2085 = VERTEX_POINT('',#2086);
#2086 = CARTESIAN_POINT('',(21.3,-6.,-45.92831853071));
#2087 = LINE('',#2088,#2089);
#2088 = CARTESIAN_POINT('',(21.3,-6.,-44.92831853071));
#2089 = VECTOR('',#2090,1.);
#2090 = DIRECTION('',(0.,0.,-1.));
#2091 = ORIENTED_EDGE('',*,*,#2092,.F.);
#2092 = EDGE_CURVE('',#2093,#2085,#2095,.T.);
#2093 = VERTEX_POINT('',#2094);
#2094 = CARTESIAN_POINT('',(21.8,-6.,-45.92831853071));
#2095 = LINE('',#2096,#2097);
#2096 = CARTESIAN_POINT('',(21.8,-6.,-45.92831853071));
#2097 = VECTOR('',#2098,1.);
#2098 = DIRECTION('',(-1.,0.,0.));
#2099 = ORIENTED_EDGE('',*,*,#2100,.F.);
#2100 = EDGE_CURVE('',#2062,#2093,#2101,.T.);
#2101 = LINE('',#2102,#2103);
#2102 = CARTESIAN_POINT('',(21.8,-6.,-44.92831853071));
#2103 = VECTOR('',#2104,1.);
#2104 = DIRECTION('',(0.,0.,-1.));
#2105 = PLANE('',#2106);
#2106 = AXIS2_PLACEMENT_3D('',#2107,#2108,#2109);
#2107 = CARTESIAN_POINT('',(21.8,-6.,-44.92831853071));
#2108 = DIRECTION('',(0.,-1.,0.));
#2109 = DIRECTION('',(-2.4E-16,-0.,-1.));
#2110 = ADVANCED_FACE('',(#2111),#2138,.F.);
#2111 = FACE_BOUND('',#2112,.F.);
#2112 = EDGE_LOOP('',(#2113,#2114,#2123,#2131));
#2113 = ORIENTED_EDGE('',*,*,#2092,.T.);
#2114 = ORIENTED_EDGE('',*,*,#2115,.T.);
#2115 = EDGE_CURVE('',#2085,#2116,#2118,.T.);
#2116 = VERTEX_POINT('',#2117);
#2117 = CARTESIAN_POINT('',(21.3,-5.127322009704,-46.26165189068));
#2118 = CIRCLE('',#2119,0.5);
#2119 = AXIS2_PLACEMENT_3D('',#2120,#2121,#2122);
#2120 = CARTESIAN_POINT('',(21.3,-5.5,-45.92831855068));
#2121 = DIRECTION('',(1.,0.,0.));
#2122 = DIRECTION('',(0.,-1.,3.994263587E-08));
#2123 = ORIENTED_EDGE('',*,*,#2124,.F.);
#2124 = EDGE_CURVE('',#2125,#2116,#2127,.T.);
#2125 = VERTEX_POINT('',#2126);
#2126 = CARTESIAN_POINT('',(21.8,-5.127322009704,-46.26165189068));
#2127 = LINE('',#2128,#2129);
#2128 = CARTESIAN_POINT('',(21.8,-5.127322009704,-46.26165189068));
#2129 = VECTOR('',#2130,1.);
#2130 = DIRECTION('',(-1.,0.,0.));
#2131 = ORIENTED_EDGE('',*,*,#2132,.F.);
#2132 = EDGE_CURVE('',#2093,#2125,#2133,.T.);
#2133 = CIRCLE('',#2134,0.5);
#2134 = AXIS2_PLACEMENT_3D('',#2135,#2136,#2137);
#2135 = CARTESIAN_POINT('',(21.8,-5.5,-45.92831855068));
#2136 = DIRECTION('',(1.,0.,0.));
#2137 = DIRECTION('',(0.,-1.,3.994263587E-08));
#2138 = CYLINDRICAL_SURFACE('',#2139,0.5);
#2139 = AXIS2_PLACEMENT_3D('',#2140,#2141,#2142);
#2140 = CARTESIAN_POINT('',(21.8,-5.5,-45.92831855068));
#2141 = DIRECTION('',(1.,0.,-2.4E-16));
#2142 = DIRECTION('',(9.5862326088E-24,-1.,3.994263587E-08));
#2143 = ADVANCED_FACE('',(#2144),#2171,.T.);
#2144 = FACE_BOUND('',#2145,.F.);
#2145 = EDGE_LOOP('',(#2146,#2147,#2156,#2164));
#2146 = ORIENTED_EDGE('',*,*,#2124,.T.);
#2147 = ORIENTED_EDGE('',*,*,#2148,.T.);
#2148 = EDGE_CURVE('',#2116,#2149,#2151,.T.);
#2149 = VERTEX_POINT('',#2150);
#2150 = CARTESIAN_POINT('',(21.3,-4.381966029113,-45.92831857066));
#2151 = CIRCLE('',#2152,1.);
#2152 = AXIS2_PLACEMENT_3D('',#2153,#2154,#2155);
#2153 = CARTESIAN_POINT('',(21.3,-4.381966029113,-46.92831857066));
#2154 = DIRECTION('',(-1.,0.,0.));
#2155 = DIRECTION('',(0.,-0.745355980591,0.666666679981));
#2156 = ORIENTED_EDGE('',*,*,#2157,.F.);
#2157 = EDGE_CURVE('',#2158,#2149,#2160,.T.);
#2158 = VERTEX_POINT('',#2159);
#2159 = CARTESIAN_POINT('',(21.8,-4.381966029113,-45.92831857066));
#2160 = LINE('',#2161,#2162);
#2161 = CARTESIAN_POINT('',(21.8,-4.381966029113,-45.92831857066));
#2162 = VECTOR('',#2163,1.);
#2163 = DIRECTION('',(-1.,0.,0.));
#2164 = ORIENTED_EDGE('',*,*,#2165,.F.);
#2165 = EDGE_CURVE('',#2125,#2158,#2166,.T.);
#2166 = CIRCLE('',#2167,1.);
#2167 = AXIS2_PLACEMENT_3D('',#2168,#2169,#2170);
#2168 = CARTESIAN_POINT('',(21.8,-4.381966029113,-46.92831857066));
#2169 = DIRECTION('',(-1.,0.,0.));
#2170 = DIRECTION('',(0.,-0.745355980591,0.666666679981));
#2171 = CYLINDRICAL_SURFACE('',#2172,1.);
#2172 = AXIS2_PLACEMENT_3D('',#2173,#2174,#2175);
#2173 = CARTESIAN_POINT('',(21.8,-4.381966029113,-46.92831857066));
#2174 = DIRECTION('',(1.,0.,-2.4E-16));
#2175 = DIRECTION('',(1.600000031954E-16,-0.745355980591,0.666666679981)
  );
#2176 = ADVANCED_FACE('',(#2177),#2202,.F.);
#2177 = FACE_BOUND('',#2178,.F.);
#2178 = EDGE_LOOP('',(#2179,#2180,#2188,#2196));
#2179 = ORIENTED_EDGE('',*,*,#2157,.T.);
#2180 = ORIENTED_EDGE('',*,*,#2181,.T.);
#2181 = EDGE_CURVE('',#2149,#2182,#2184,.T.);
#2182 = VERTEX_POINT('',#2183);
#2183 = CARTESIAN_POINT('',(21.3,-4.,-45.92831857066));
#2184 = LINE('',#2185,#2186);
#2185 = CARTESIAN_POINT('',(21.3,-4.381966029113,-45.92831857066));
#2186 = VECTOR('',#2187,1.);
#2187 = DIRECTION('',(0.,1.,0.));
#2188 = ORIENTED_EDGE('',*,*,#2189,.F.);
#2189 = EDGE_CURVE('',#2190,#2182,#2192,.T.);
#2190 = VERTEX_POINT('',#2191);
#2191 = CARTESIAN_POINT('',(21.8,-4.,-45.92831857066));
#2192 = LINE('',#2193,#2194);
#2193 = CARTESIAN_POINT('',(21.8,-4.,-45.92831857066));
#2194 = VECTOR('',#2195,1.);
#2195 = DIRECTION('',(-1.,0.,0.));
#2196 = ORIENTED_EDGE('',*,*,#2197,.F.);
#2197 = EDGE_CURVE('',#2158,#2190,#2198,.T.);
#2198 = LINE('',#2199,#2200);
#2199 = CARTESIAN_POINT('',(21.8,-4.381966029113,-45.92831857066));
#2200 = VECTOR('',#2201,1.);
#2201 = DIRECTION('',(0.,1.,0.));
#2202 = PLANE('',#2203);
#2203 = AXIS2_PLACEMENT_3D('',#2204,#2205,#2206);
#2204 = CARTESIAN_POINT('',(21.8,-4.381966029113,-45.92831857066));
#2205 = DIRECTION('',(-0.,-0.,-1.));
#2206 = DIRECTION('',(0.,1.,0.));
#2207 = ADVANCED_FACE('',(#2208),#2235,.T.);
#2208 = FACE_BOUND('',#2209,.F.);
#2209 = EDGE_LOOP('',(#2210,#2211,#2220,#2228));
#2210 = ORIENTED_EDGE('',*,*,#2189,.T.);
#2211 = ORIENTED_EDGE('',*,*,#2212,.T.);
#2212 = EDGE_CURVE('',#2182,#2213,#2215,.T.);
#2213 = VERTEX_POINT('',#2214);
#2214 = CARTESIAN_POINT('',(21.3,-3.5,-46.42831857066));
#2215 = CIRCLE('',#2216,0.5);
#2216 = AXIS2_PLACEMENT_3D('',#2217,#2218,#2219);
#2217 = CARTESIAN_POINT('',(21.3,-4.,-46.42831857066));
#2218 = DIRECTION('',(-1.,0.,0.));
#2219 = DIRECTION('',(0.,-7.11E-15,1.));
#2220 = ORIENTED_EDGE('',*,*,#2221,.F.);
#2221 = EDGE_CURVE('',#2222,#2213,#2224,.T.);
#2222 = VERTEX_POINT('',#2223);
#2223 = CARTESIAN_POINT('',(21.8,-3.5,-46.42831857066));
#2224 = LINE('',#2225,#2226);
#2225 = CARTESIAN_POINT('',(21.8,-3.5,-46.42831857066));
#2226 = VECTOR('',#2227,1.);
#2227 = DIRECTION('',(-1.,0.,0.));
#2228 = ORIENTED_EDGE('',*,*,#2229,.F.);
#2229 = EDGE_CURVE('',#2190,#2222,#2230,.T.);
#2230 = CIRCLE('',#2231,0.5);
#2231 = AXIS2_PLACEMENT_3D('',#2232,#2233,#2234);
#2232 = CARTESIAN_POINT('',(21.8,-4.,-46.42831857066));
#2233 = DIRECTION('',(-1.,0.,0.));
#2234 = DIRECTION('',(0.,-7.11E-15,1.));
#2235 = CYLINDRICAL_SURFACE('',#2236,0.5);
#2236 = AXIS2_PLACEMENT_3D('',#2237,#2238,#2239);
#2237 = CARTESIAN_POINT('',(21.8,-4.,-46.42831857066));
#2238 = DIRECTION('',(1.,0.,-2.4E-16));
#2239 = DIRECTION('',(2.4E-16,-7.1E-15,1.));
#2240 = ADVANCED_FACE('',(#2241),#2266,.F.);
#2241 = FACE_BOUND('',#2242,.F.);
#2242 = EDGE_LOOP('',(#2243,#2244,#2252,#2260));
#2243 = ORIENTED_EDGE('',*,*,#2221,.T.);
#2244 = ORIENTED_EDGE('',*,*,#2245,.T.);
#2245 = EDGE_CURVE('',#2213,#2246,#2248,.T.);
#2246 = VERTEX_POINT('',#2247);
#2247 = CARTESIAN_POINT('',(21.3,-3.5,-47.42831853071));
#2248 = LINE('',#2249,#2250);
#2249 = CARTESIAN_POINT('',(21.3,-3.5,-46.42831857066));
#2250 = VECTOR('',#2251,1.);
#2251 = DIRECTION('',(0.,0.,-1.));
#2252 = ORIENTED_EDGE('',*,*,#2253,.F.);
#2253 = EDGE_CURVE('',#2254,#2246,#2256,.T.);
#2254 = VERTEX_POINT('',#2255);
#2255 = CARTESIAN_POINT('',(21.8,-3.5,-47.42831853071));
#2256 = LINE('',#2257,#2258);
#2257 = CARTESIAN_POINT('',(21.8,-3.5,-47.42831853071));
#2258 = VECTOR('',#2259,1.);
#2259 = DIRECTION('',(-1.,0.,0.));
#2260 = ORIENTED_EDGE('',*,*,#2261,.F.);
#2261 = EDGE_CURVE('',#2222,#2254,#2262,.T.);
#2262 = LINE('',#2263,#2264);
#2263 = CARTESIAN_POINT('',(21.8,-3.5,-46.42831857066));
#2264 = VECTOR('',#2265,1.);
#2265 = DIRECTION('',(0.,0.,-1.));
#2266 = PLANE('',#2267);
#2267 = AXIS2_PLACEMENT_3D('',#2268,#2269,#2270);
#2268 = CARTESIAN_POINT('',(21.8,-3.5,-46.42831857066));
#2269 = DIRECTION('',(0.,-1.,0.));
#2270 = DIRECTION('',(-2.4E-16,-0.,-1.));
#2271 = ADVANCED_FACE('',(#2272),#2299,.T.);
#2272 = FACE_BOUND('',#2273,.F.);
#2273 = EDGE_LOOP('',(#2274,#2275,#2284,#2292));
#2274 = ORIENTED_EDGE('',*,*,#2253,.T.);
#2275 = ORIENTED_EDGE('',*,*,#2276,.T.);
#2276 = EDGE_CURVE('',#2246,#2277,#2279,.T.);
#2277 = VERTEX_POINT('',#2278);
#2278 = CARTESIAN_POINT('',(21.3,-4.,-47.92831853071));
#2279 = CIRCLE('',#2280,0.5);
#2280 = AXIS2_PLACEMENT_3D('',#2281,#2282,#2283);
#2281 = CARTESIAN_POINT('',(21.3,-4.,-47.42831853071));
#2282 = DIRECTION('',(-1.,-0.,0.));
#2283 = DIRECTION('',(-0.,1.,-2.44E-15));
#2284 = ORIENTED_EDGE('',*,*,#2285,.F.);
#2285 = EDGE_CURVE('',#2286,#2277,#2288,.T.);
#2286 = VERTEX_POINT('',#2287);
#2287 = CARTESIAN_POINT('',(21.8,-4.,-47.92831853071));
#2288 = LINE('',#2289,#2290);
#2289 = CARTESIAN_POINT('',(21.8,-4.,-47.92831853071));
#2290 = VECTOR('',#2291,1.);
#2291 = DIRECTION('',(-1.,0.,0.));
#2292 = ORIENTED_EDGE('',*,*,#2293,.F.);
#2293 = EDGE_CURVE('',#2254,#2286,#2294,.T.);
#2294 = CIRCLE('',#2295,0.5);
#2295 = AXIS2_PLACEMENT_3D('',#2296,#2297,#2298);
#2296 = CARTESIAN_POINT('',(21.8,-4.,-47.42831853071));
#2297 = DIRECTION('',(-1.,-0.,0.));
#2298 = DIRECTION('',(-0.,1.,-2.44E-15));
#2299 = CYLINDRICAL_SURFACE('',#2300,0.5);
#2300 = AXIS2_PLACEMENT_3D('',#2301,#2302,#2303);
#2301 = CARTESIAN_POINT('',(21.8,-4.,-47.42831853071));
#2302 = DIRECTION('',(1.,0.,-2.4E-16));
#2303 = DIRECTION('',(-5.88E-31,1.,-2.45E-15));
#2304 = ADVANCED_FACE('',(#2305),#2330,.F.);
#2305 = FACE_BOUND('',#2306,.F.);
#2306 = EDGE_LOOP('',(#2307,#2308,#2316,#2324));
#2307 = ORIENTED_EDGE('',*,*,#2285,.T.);
#2308 = ORIENTED_EDGE('',*,*,#2309,.T.);
#2309 = EDGE_CURVE('',#2277,#2310,#2312,.T.);
#2310 = VERTEX_POINT('',#2311);
#2311 = CARTESIAN_POINT('',(21.3,-8.,-47.92831853071));
#2312 = LINE('',#2313,#2314);
#2313 = CARTESIAN_POINT('',(21.3,-4.,-47.92831853071));
#2314 = VECTOR('',#2315,1.);
#2315 = DIRECTION('',(0.,-1.,2.2E-16));
#2316 = ORIENTED_EDGE('',*,*,#2317,.F.);
#2317 = EDGE_CURVE('',#2318,#2310,#2320,.T.);
#2318 = VERTEX_POINT('',#2319);
#2319 = CARTESIAN_POINT('',(21.8,-8.,-47.92831853071));
#2320 = LINE('',#2321,#2322);
#2321 = CARTESIAN_POINT('',(21.8,-8.,-47.92831853071));
#2322 = VECTOR('',#2323,1.);
#2323 = DIRECTION('',(-1.,0.,0.));
#2324 = ORIENTED_EDGE('',*,*,#2325,.F.);
#2325 = EDGE_CURVE('',#2286,#2318,#2326,.T.);
#2326 = LINE('',#2327,#2328);
#2327 = CARTESIAN_POINT('',(21.8,-4.,-47.92831853071));
#2328 = VECTOR('',#2329,1.);
#2329 = DIRECTION('',(0.,-1.,2.2E-16));
#2330 = PLANE('',#2331);
#2331 = AXIS2_PLACEMENT_3D('',#2332,#2333,#2334);
#2332 = CARTESIAN_POINT('',(21.8,-4.,-47.92831853071));
#2333 = DIRECTION('',(0.,2.2E-16,1.));
#2334 = DIRECTION('',(0.,-1.,2.2E-16));
#2335 = ADVANCED_FACE('',(#2336),#2363,.T.);
#2336 = FACE_BOUND('',#2337,.F.);
#2337 = EDGE_LOOP('',(#2338,#2339,#2348,#2356));
#2338 = ORIENTED_EDGE('',*,*,#2317,.T.);
#2339 = ORIENTED_EDGE('',*,*,#2340,.T.);
#2340 = EDGE_CURVE('',#2310,#2341,#2343,.T.);
#2341 = VERTEX_POINT('',#2342);
#2342 = CARTESIAN_POINT('',(21.3,-8.5,-47.42831853071));
#2343 = CIRCLE('',#2344,0.5);
#2344 = AXIS2_PLACEMENT_3D('',#2345,#2346,#2347);
#2345 = CARTESIAN_POINT('',(21.3,-8.,-47.42831853071));
#2346 = DIRECTION('',(-1.,-0.,-0.));
#2347 = DIRECTION('',(0.,0.,-1.));
#2348 = ORIENTED_EDGE('',*,*,#2349,.F.);
#2349 = EDGE_CURVE('',#2350,#2341,#2352,.T.);
#2350 = VERTEX_POINT('',#2351);
#2351 = CARTESIAN_POINT('',(21.8,-8.5,-47.42831853071));
#2352 = LINE('',#2353,#2354);
#2353 = CARTESIAN_POINT('',(21.8,-8.5,-47.42831853071));
#2354 = VECTOR('',#2355,1.);
#2355 = DIRECTION('',(-1.,0.,0.));
#2356 = ORIENTED_EDGE('',*,*,#2357,.F.);
#2357 = EDGE_CURVE('',#2318,#2350,#2358,.T.);
#2358 = CIRCLE('',#2359,0.5);
#2359 = AXIS2_PLACEMENT_3D('',#2360,#2361,#2362);
#2360 = CARTESIAN_POINT('',(21.8,-8.,-47.42831853071));
#2361 = DIRECTION('',(-1.,-0.,-0.));
#2362 = DIRECTION('',(0.,0.,-1.));
#2363 = CYLINDRICAL_SURFACE('',#2364,0.5);
#2364 = AXIS2_PLACEMENT_3D('',#2365,#2366,#2367);
#2365 = CARTESIAN_POINT('',(21.8,-8.,-47.42831853071));
#2366 = DIRECTION('',(1.,0.,-2.4E-16));
#2367 = DIRECTION('',(-2.4E-16,-0.,-1.));
#2368 = ADVANCED_FACE('',(#2369),#2394,.F.);
#2369 = FACE_BOUND('',#2370,.F.);
#2370 = EDGE_LOOP('',(#2371,#2372,#2380,#2388));
#2371 = ORIENTED_EDGE('',*,*,#2349,.T.);
#2372 = ORIENTED_EDGE('',*,*,#2373,.T.);
#2373 = EDGE_CURVE('',#2341,#2374,#2376,.T.);
#2374 = VERTEX_POINT('',#2375);
#2375 = CARTESIAN_POINT('',(21.3,-8.5,-44.92831853071));
#2376 = LINE('',#2377,#2378);
#2377 = CARTESIAN_POINT('',(21.3,-8.5,-47.42831853071));
#2378 = VECTOR('',#2379,1.);
#2379 = DIRECTION('',(0.,1.42E-15,1.));
#2380 = ORIENTED_EDGE('',*,*,#2381,.F.);
#2381 = EDGE_CURVE('',#2382,#2374,#2384,.T.);
#2382 = VERTEX_POINT('',#2383);
#2383 = CARTESIAN_POINT('',(21.8,-8.5,-44.92831853071));
#2384 = LINE('',#2385,#2386);
#2385 = CARTESIAN_POINT('',(21.8,-8.5,-44.92831853071));
#2386 = VECTOR('',#2387,1.);
#2387 = DIRECTION('',(-1.,0.,0.));
#2388 = ORIENTED_EDGE('',*,*,#2389,.F.);
#2389 = EDGE_CURVE('',#2350,#2382,#2390,.T.);
#2390 = LINE('',#2391,#2392);
#2391 = CARTESIAN_POINT('',(21.8,-8.5,-47.42831853071));
#2392 = VECTOR('',#2393,1.);
#2393 = DIRECTION('',(0.,1.42E-15,1.));
#2394 = PLANE('',#2395);
#2395 = AXIS2_PLACEMENT_3D('',#2396,#2397,#2398);
#2396 = CARTESIAN_POINT('',(21.8,-8.5,-47.42831853071));
#2397 = DIRECTION('',(0.,1.,-1.42E-15));
#2398 = DIRECTION('',(2.4E-16,1.42E-15,1.));
#2399 = ADVANCED_FACE('',(#2400),#2425,.F.);
#2400 = FACE_BOUND('',#2401,.F.);
#2401 = EDGE_LOOP('',(#2402,#2403,#2411,#2419));
#2402 = ORIENTED_EDGE('',*,*,#2381,.T.);
#2403 = ORIENTED_EDGE('',*,*,#2404,.T.);
#2404 = EDGE_CURVE('',#2374,#2405,#2407,.T.);
#2405 = VERTEX_POINT('',#2406);
#2406 = CARTESIAN_POINT('',(21.3,-16.,-44.92831853071));
#2407 = LINE('',#2408,#2409);
#2408 = CARTESIAN_POINT('',(21.3,-8.5,-44.92831853071));
#2409 = VECTOR('',#2410,1.);
#2410 = DIRECTION('',(0.,-1.,2.4E-16));
#2411 = ORIENTED_EDGE('',*,*,#2412,.F.);
#2412 = EDGE_CURVE('',#2413,#2405,#2415,.T.);
#2413 = VERTEX_POINT('',#2414);
#2414 = CARTESIAN_POINT('',(21.8,-16.,-44.92831853071));
#2415 = LINE('',#2416,#2417);
#2416 = CARTESIAN_POINT('',(21.8,-16.,-44.92831853071));
#2417 = VECTOR('',#2418,1.);
#2418 = DIRECTION('',(-1.,0.,0.));
#2419 = ORIENTED_EDGE('',*,*,#2420,.F.);
#2420 = EDGE_CURVE('',#2382,#2413,#2421,.T.);
#2421 = LINE('',#2422,#2423);
#2422 = CARTESIAN_POINT('',(21.8,-8.5,-44.92831853071));
#2423 = VECTOR('',#2424,1.);
#2424 = DIRECTION('',(0.,-1.,2.4E-16));
#2425 = PLANE('',#2426);
#2426 = AXIS2_PLACEMENT_3D('',#2427,#2428,#2429);
#2427 = CARTESIAN_POINT('',(21.8,-8.5,-44.92831853071));
#2428 = DIRECTION('',(0.,2.4E-16,1.));
#2429 = DIRECTION('',(0.,-1.,2.4E-16));
#2430 = ADVANCED_FACE('',(#2431),#2456,.F.);
#2431 = FACE_BOUND('',#2432,.F.);
#2432 = EDGE_LOOP('',(#2433,#2434,#2442,#2450));
#2433 = ORIENTED_EDGE('',*,*,#2412,.T.);
#2434 = ORIENTED_EDGE('',*,*,#2435,.T.);
#2435 = EDGE_CURVE('',#2405,#2436,#2438,.T.);
#2436 = VERTEX_POINT('',#2437);
#2437 = CARTESIAN_POINT('',(21.3,-16.,-43.22831853071));
#2438 = LINE('',#2439,#2440);
#2439 = CARTESIAN_POINT('',(21.3,-16.,-44.92831853071));
#2440 = VECTOR('',#2441,1.);
#2441 = DIRECTION('',(0.,0.,1.));
#2442 = ORIENTED_EDGE('',*,*,#2443,.F.);
#2443 = EDGE_CURVE('',#2444,#2436,#2446,.T.);
#2444 = VERTEX_POINT('',#2445);
#2445 = CARTESIAN_POINT('',(21.8,-16.,-43.22831853071));
#2446 = LINE('',#2447,#2448);
#2447 = CARTESIAN_POINT('',(21.8,-16.,-43.22831853071));
#2448 = VECTOR('',#2449,1.);
#2449 = DIRECTION('',(-1.,0.,0.));
#2450 = ORIENTED_EDGE('',*,*,#2451,.F.);
#2451 = EDGE_CURVE('',#2413,#2444,#2452,.T.);
#2452 = LINE('',#2453,#2454);
#2453 = CARTESIAN_POINT('',(21.8,-16.,-44.92831853071));
#2454 = VECTOR('',#2455,1.);
#2455 = DIRECTION('',(0.,0.,1.));
#2456 = PLANE('',#2457);
#2457 = AXIS2_PLACEMENT_3D('',#2458,#2459,#2460);
#2458 = CARTESIAN_POINT('',(21.8,-16.,-44.92831853071));
#2459 = DIRECTION('',(0.,1.,0.));
#2460 = DIRECTION('',(2.4E-16,0.,1.));
#2461 = ADVANCED_FACE('',(#2462),#2487,.F.);
#2462 = FACE_BOUND('',#2463,.F.);
#2463 = EDGE_LOOP('',(#2464,#2465,#2473,#2481));
#2464 = ORIENTED_EDGE('',*,*,#2443,.T.);
#2465 = ORIENTED_EDGE('',*,*,#2466,.T.);
#2466 = EDGE_CURVE('',#2436,#2467,#2469,.T.);
#2467 = VERTEX_POINT('',#2468);
#2468 = CARTESIAN_POINT('',(21.3,-16.,-42.91415926535));
#2469 = LINE('',#2470,#2471);
#2470 = CARTESIAN_POINT('',(21.3,-16.,-43.22831853071));
#2471 = VECTOR('',#2472,1.);
#2472 = DIRECTION('',(0.,0.,1.));
#2473 = ORIENTED_EDGE('',*,*,#2474,.F.);
#2474 = EDGE_CURVE('',#2475,#2467,#2477,.T.);
#2475 = VERTEX_POINT('',#2476);
#2476 = CARTESIAN_POINT('',(21.8,-16.,-42.91415926535));
#2477 = LINE('',#2478,#2479);
#2478 = CARTESIAN_POINT('',(21.8,-16.,-42.91415926535));
#2479 = VECTOR('',#2480,1.);
#2480 = DIRECTION('',(-1.,0.,0.));
#2481 = ORIENTED_EDGE('',*,*,#2482,.F.);
#2482 = EDGE_CURVE('',#2444,#2475,#2483,.T.);
#2483 = LINE('',#2484,#2485);
#2484 = CARTESIAN_POINT('',(21.8,-16.,-43.22831853071));
#2485 = VECTOR('',#2486,1.);
#2486 = DIRECTION('',(0.,0.,1.));
#2487 = PLANE('',#2488);
#2488 = AXIS2_PLACEMENT_3D('',#2489,#2490,#2491);
#2489 = CARTESIAN_POINT('',(21.8,-16.,-43.22831853071));
#2490 = DIRECTION('',(0.,1.,0.));
#2491 = DIRECTION('',(2.4E-16,0.,1.));
#2492 = ADVANCED_FACE('',(#2493),#2518,.F.);
#2493 = FACE_BOUND('',#2494,.F.);
#2494 = EDGE_LOOP('',(#2495,#2496,#2504,#2512));
#2495 = ORIENTED_EDGE('',*,*,#2474,.T.);
#2496 = ORIENTED_EDGE('',*,*,#2497,.T.);
#2497 = EDGE_CURVE('',#2467,#2498,#2500,.T.);
#2498 = VERTEX_POINT('',#2499);
#2499 = CARTESIAN_POINT('',(21.3,-16.31415926535,-42.91415926535));
#2500 = LINE('',#2501,#2502);
#2501 = CARTESIAN_POINT('',(21.3,-16.,-42.91415926535));
#2502 = VECTOR('',#2503,1.);
#2503 = DIRECTION('',(0.,-1.,-1.131E-14));
#2504 = ORIENTED_EDGE('',*,*,#2505,.F.);
#2505 = EDGE_CURVE('',#2506,#2498,#2508,.T.);
#2506 = VERTEX_POINT('',#2507);
#2507 = CARTESIAN_POINT('',(21.8,-16.31415926535,-42.91415926535));
#2508 = LINE('',#2509,#2510);
#2509 = CARTESIAN_POINT('',(21.8,-16.31415926535,-42.91415926535));
#2510 = VECTOR('',#2511,1.);
#2511 = DIRECTION('',(-1.,0.,0.));
#2512 = ORIENTED_EDGE('',*,*,#2513,.F.);
#2513 = EDGE_CURVE('',#2475,#2506,#2514,.T.);
#2514 = LINE('',#2515,#2516);
#2515 = CARTESIAN_POINT('',(21.8,-16.,-42.91415926535));
#2516 = VECTOR('',#2517,1.);
#2517 = DIRECTION('',(0.,-1.,-1.131E-14));
#2518 = PLANE('',#2519);
#2519 = AXIS2_PLACEMENT_3D('',#2520,#2521,#2522);
#2520 = CARTESIAN_POINT('',(21.8,-16.,-42.91415926535));
#2521 = DIRECTION('',(0.,-1.131E-14,1.));
#2522 = DIRECTION('',(-0.,-1.,-1.131E-14));
#2523 = ADVANCED_FACE('',(#2524),#2549,.F.);
#2524 = FACE_BOUND('',#2525,.F.);
#2525 = EDGE_LOOP('',(#2526,#2527,#2535,#2543));
#2526 = ORIENTED_EDGE('',*,*,#2505,.T.);
#2527 = ORIENTED_EDGE('',*,*,#2528,.T.);
#2528 = EDGE_CURVE('',#2498,#2529,#2531,.T.);
#2529 = VERTEX_POINT('',#2530);
#2530 = CARTESIAN_POINT('',(21.3,-18.01415926535,-42.91415926535));
#2531 = LINE('',#2532,#2533);
#2532 = CARTESIAN_POINT('',(21.3,-16.31415926535,-42.91415926535));
#2533 = VECTOR('',#2534,1.);
#2534 = DIRECTION('',(0.,-1.,0.));
#2535 = ORIENTED_EDGE('',*,*,#2536,.F.);
#2536 = EDGE_CURVE('',#2537,#2529,#2539,.T.);
#2537 = VERTEX_POINT('',#2538);
#2538 = CARTESIAN_POINT('',(21.8,-18.01415926535,-42.91415926535));
#2539 = LINE('',#2540,#2541);
#2540 = CARTESIAN_POINT('',(21.8,-18.01415926535,-42.91415926535));
#2541 = VECTOR('',#2542,1.);
#2542 = DIRECTION('',(-1.,0.,0.));
#2543 = ORIENTED_EDGE('',*,*,#2544,.F.);
#2544 = EDGE_CURVE('',#2506,#2537,#2545,.T.);
#2545 = LINE('',#2546,#2547);
#2546 = CARTESIAN_POINT('',(21.8,-16.31415926535,-42.91415926535));
#2547 = VECTOR('',#2548,1.);
#2548 = DIRECTION('',(0.,-1.,0.));
#2549 = PLANE('',#2550);
#2550 = AXIS2_PLACEMENT_3D('',#2551,#2552,#2553);
#2551 = CARTESIAN_POINT('',(21.8,-16.31415926535,-42.91415926535));
#2552 = DIRECTION('',(0.,0.,1.));
#2553 = DIRECTION('',(0.,-1.,0.));
#2554 = ADVANCED_FACE('',(#2555),#2580,.F.);
#2555 = FACE_BOUND('',#2556,.F.);
#2556 = EDGE_LOOP('',(#2557,#2558,#2566,#2574));
#2557 = ORIENTED_EDGE('',*,*,#2536,.T.);
#2558 = ORIENTED_EDGE('',*,*,#2559,.T.);
#2559 = EDGE_CURVE('',#2529,#2560,#2562,.T.);
#2560 = VERTEX_POINT('',#2561);
#2561 = CARTESIAN_POINT('',(21.3,-18.01415926535,-0.314159265359));
#2562 = LINE('',#2563,#2564);
#2563 = CARTESIAN_POINT('',(21.3,-18.01415926535,-42.91415926535));
#2564 = VECTOR('',#2565,1.);
#2565 = DIRECTION('',(0.,0.,1.));
#2566 = ORIENTED_EDGE('',*,*,#2567,.F.);
#2567 = EDGE_CURVE('',#2568,#2560,#2570,.T.);
#2568 = VERTEX_POINT('',#2569);
#2569 = CARTESIAN_POINT('',(21.8,-18.01415926535,-0.314159265359));
#2570 = LINE('',#2571,#2572);
#2571 = CARTESIAN_POINT('',(21.8,-18.01415926535,-0.314159265359));
#2572 = VECTOR('',#2573,1.);
#2573 = DIRECTION('',(-1.,0.,0.));
#2574 = ORIENTED_EDGE('',*,*,#2575,.F.);
#2575 = EDGE_CURVE('',#2537,#2568,#2576,.T.);
#2576 = LINE('',#2577,#2578);
#2577 = CARTESIAN_POINT('',(21.8,-18.01415926535,-42.91415926535));
#2578 = VECTOR('',#2579,1.);
#2579 = DIRECTION('',(0.,0.,1.));
#2580 = PLANE('',#2581);
#2581 = AXIS2_PLACEMENT_3D('',#2582,#2583,#2584);
#2582 = CARTESIAN_POINT('',(21.8,-18.01415926535,-42.91415926535));
#2583 = DIRECTION('',(0.,1.,0.));
#2584 = DIRECTION('',(2.4E-16,0.,1.));
#2585 = ADVANCED_FACE('',(#2586),#2602,.F.);
#2586 = FACE_BOUND('',#2587,.F.);
#2587 = EDGE_LOOP('',(#2588,#2589,#2595,#2596));
#2588 = ORIENTED_EDGE('',*,*,#2567,.T.);
#2589 = ORIENTED_EDGE('',*,*,#2590,.T.);
#2590 = EDGE_CURVE('',#2560,#24,#2591,.T.);
#2591 = LINE('',#2592,#2593);
#2592 = CARTESIAN_POINT('',(21.3,-18.01415926535,-0.314159265359));
#2593 = VECTOR('',#2594,1.);
#2594 = DIRECTION('',(0.,1.,0.));
#2595 = ORIENTED_EDGE('',*,*,#21,.F.);
#2596 = ORIENTED_EDGE('',*,*,#2597,.F.);
#2597 = EDGE_CURVE('',#2568,#22,#2598,.T.);
#2598 = LINE('',#2599,#2600);
#2599 = CARTESIAN_POINT('',(21.8,-18.01415926535,-0.314159265359));
#2600 = VECTOR('',#2601,1.);
#2601 = DIRECTION('',(0.,1.,0.));
#2602 = PLANE('',#2603);
#2603 = AXIS2_PLACEMENT_3D('',#2604,#2605,#2606);
#2604 = CARTESIAN_POINT('',(21.8,-18.01415926535,-0.314159265359));
#2605 = DIRECTION('',(-0.,-0.,-1.));
#2606 = DIRECTION('',(0.,1.,0.));
#2607 = ADVANCED_FACE('',(#2608),#2642,.T.);
#2608 = FACE_BOUND('',#2609,.T.);
#2609 = EDGE_LOOP('',(#2610,#2620,#2628,#2636));
#2610 = ORIENTED_EDGE('',*,*,#2611,.T.);
#2611 = EDGE_CURVE('',#2612,#2614,#2616,.T.);
#2612 = VERTEX_POINT('',#2613);
#2613 = CARTESIAN_POINT('',(21.8,14.5,-39.61415926535));
#2614 = VERTEX_POINT('',#2615);
#2615 = CARTESIAN_POINT('',(21.3,14.5,-39.61415926535));
#2616 = LINE('',#2617,#2618);
#2617 = CARTESIAN_POINT('',(21.8,14.5,-39.61415926535));
#2618 = VECTOR('',#2619,1.);
#2619 = DIRECTION('',(-1.,0.,0.));
#2620 = ORIENTED_EDGE('',*,*,#2621,.T.);
#2621 = EDGE_CURVE('',#2614,#2622,#2624,.T.);
#2622 = VERTEX_POINT('',#2623);
#2623 = CARTESIAN_POINT('',(21.3,-14.5,-39.61415926535));
#2624 = LINE('',#2625,#2626);
#2625 = CARTESIAN_POINT('',(21.3,14.5,-39.61415926535));
#2626 = VECTOR('',#2627,1.);
#2627 = DIRECTION('',(0.,-1.,0.));
#2628 = ORIENTED_EDGE('',*,*,#2629,.F.);
#2629 = EDGE_CURVE('',#2630,#2622,#2632,.T.);
#2630 = VERTEX_POINT('',#2631);
#2631 = CARTESIAN_POINT('',(21.8,-14.5,-39.61415926535));
#2632 = LINE('',#2633,#2634);
#2633 = CARTESIAN_POINT('',(21.8,-14.5,-39.61415926535));
#2634 = VECTOR('',#2635,1.);
#2635 = DIRECTION('',(-1.,0.,0.));
#2636 = ORIENTED_EDGE('',*,*,#2637,.F.);
#2637 = EDGE_CURVE('',#2612,#2630,#2638,.T.);
#2638 = LINE('',#2639,#2640);
#2639 = CARTESIAN_POINT('',(21.8,14.5,-39.61415926535));
#2640 = VECTOR('',#2641,1.);
#2641 = DIRECTION('',(0.,-1.,0.));
#2642 = PLANE('',#2643);
#2643 = AXIS2_PLACEMENT_3D('',#2644,#2645,#2646);
#2644 = CARTESIAN_POINT('',(21.8,14.5,-39.61415926535));
#2645 = DIRECTION('',(0.,0.,1.));
#2646 = DIRECTION('',(0.,-1.,0.));
#2647 = ADVANCED_FACE('',(#2648),#2673,.T.);
#2648 = FACE_BOUND('',#2649,.T.);
#2649 = EDGE_LOOP('',(#2650,#2651,#2659,#2667));
#2650 = ORIENTED_EDGE('',*,*,#2629,.T.);
#2651 = ORIENTED_EDGE('',*,*,#2652,.T.);
#2652 = EDGE_CURVE('',#2622,#2653,#2655,.T.);
#2653 = VERTEX_POINT('',#2654);
#2654 = CARTESIAN_POINT('',(21.3,-14.5,-3.614159265359));
#2655 = LINE('',#2656,#2657);
#2656 = CARTESIAN_POINT('',(21.3,-14.5,-39.61415926535));
#2657 = VECTOR('',#2658,1.);
#2658 = DIRECTION('',(0.,2.E-16,1.));
#2659 = ORIENTED_EDGE('',*,*,#2660,.F.);
#2660 = EDGE_CURVE('',#2661,#2653,#2663,.T.);
#2661 = VERTEX_POINT('',#2662);
#2662 = CARTESIAN_POINT('',(21.8,-14.5,-3.614159265359));
#2663 = LINE('',#2664,#2665);
#2664 = CARTESIAN_POINT('',(21.8,-14.5,-3.614159265359));
#2665 = VECTOR('',#2666,1.);
#2666 = DIRECTION('',(-1.,0.,0.));
#2667 = ORIENTED_EDGE('',*,*,#2668,.F.);
#2668 = EDGE_CURVE('',#2630,#2661,#2669,.T.);
#2669 = LINE('',#2670,#2671);
#2670 = CARTESIAN_POINT('',(21.8,-14.5,-39.61415926535));
#2671 = VECTOR('',#2672,1.);
#2672 = DIRECTION('',(0.,2.E-16,1.));
#2673 = PLANE('',#2674);
#2674 = AXIS2_PLACEMENT_3D('',#2675,#2676,#2677);
#2675 = CARTESIAN_POINT('',(21.8,-14.5,-39.61415926535));
#2676 = DIRECTION('',(0.,1.,-2.E-16));
#2677 = DIRECTION('',(2.4E-16,2.E-16,1.));
#2678 = ADVANCED_FACE('',(#2679),#2704,.T.);
#2679 = FACE_BOUND('',#2680,.T.);
#2680 = EDGE_LOOP('',(#2681,#2682,#2690,#2698));
#2681 = ORIENTED_EDGE('',*,*,#2660,.T.);
#2682 = ORIENTED_EDGE('',*,*,#2683,.T.);
#2683 = EDGE_CURVE('',#2653,#2684,#2686,.T.);
#2684 = VERTEX_POINT('',#2685);
#2685 = CARTESIAN_POINT('',(21.3,14.5,-3.614159265359));
#2686 = LINE('',#2687,#2688);
#2687 = CARTESIAN_POINT('',(21.3,-14.5,-3.614159265359));
#2688 = VECTOR('',#2689,1.);
#2689 = DIRECTION('',(0.,1.,0.));
#2690 = ORIENTED_EDGE('',*,*,#2691,.F.);
#2691 = EDGE_CURVE('',#2692,#2684,#2694,.T.);
#2692 = VERTEX_POINT('',#2693);
#2693 = CARTESIAN_POINT('',(21.8,14.5,-3.614159265359));
#2694 = LINE('',#2695,#2696);
#2695 = CARTESIAN_POINT('',(21.8,14.5,-3.614159265359));
#2696 = VECTOR('',#2697,1.);
#2697 = DIRECTION('',(-1.,0.,0.));
#2698 = ORIENTED_EDGE('',*,*,#2699,.F.);
#2699 = EDGE_CURVE('',#2661,#2692,#2700,.T.);
#2700 = LINE('',#2701,#2702);
#2701 = CARTESIAN_POINT('',(21.8,-14.5,-3.614159265359));
#2702 = VECTOR('',#2703,1.);
#2703 = DIRECTION('',(0.,1.,0.));
#2704 = PLANE('',#2705);
#2705 = AXIS2_PLACEMENT_3D('',#2706,#2707,#2708);
#2706 = CARTESIAN_POINT('',(21.8,-14.5,-3.614159265359));
#2707 = DIRECTION('',(-0.,-0.,-1.));
#2708 = DIRECTION('',(0.,1.,0.));
#2709 = ADVANCED_FACE('',(#2710),#2726,.T.);
#2710 = FACE_BOUND('',#2711,.T.);
#2711 = EDGE_LOOP('',(#2712,#2713,#2719,#2720));
#2712 = ORIENTED_EDGE('',*,*,#2691,.T.);
#2713 = ORIENTED_EDGE('',*,*,#2714,.T.);
#2714 = EDGE_CURVE('',#2684,#2614,#2715,.T.);
#2715 = LINE('',#2716,#2717);
#2716 = CARTESIAN_POINT('',(21.3,14.5,-3.614159265359));
#2717 = VECTOR('',#2718,1.);
#2718 = DIRECTION('',(0.,-5.E-17,-1.));
#2719 = ORIENTED_EDGE('',*,*,#2611,.F.);
#2720 = ORIENTED_EDGE('',*,*,#2721,.F.);
#2721 = EDGE_CURVE('',#2692,#2612,#2722,.T.);
#2722 = LINE('',#2723,#2724);
#2723 = CARTESIAN_POINT('',(21.8,14.5,-3.614159265359));
#2724 = VECTOR('',#2725,1.);
#2725 = DIRECTION('',(0.,-5.E-17,-1.));
#2726 = PLANE('',#2727);
#2727 = AXIS2_PLACEMENT_3D('',#2728,#2729,#2730);
#2728 = CARTESIAN_POINT('',(21.8,14.5,-3.614159265359));
#2729 = DIRECTION('',(0.,-1.,5.E-17));
#2730 = DIRECTION('',(-2.4E-16,-5.E-17,-1.));
#2731 = ADVANCED_FACE('',(#2732,#2816),#2822,.T.);
#2732 = FACE_BOUND('',#2733,.F.);
#2733 = EDGE_LOOP('',(#2734,#2735,#2736,#2737,#2738,#2739,#2740,#2741,
    #2742,#2743,#2744,#2745,#2746,#2747,#2748,#2749,#2750,#2751,#2752,
    #2753,#2754,#2755,#2756,#2757,#2758,#2759,#2760,#2761,#2762,#2763,
    #2764,#2765,#2766,#2767,#2768,#2769,#2770,#2771,#2772,#2773,#2774,
    #2775,#2776,#2777,#2778,#2779,#2780,#2781,#2782,#2783,#2784,#2785,
    #2786,#2787,#2788,#2789,#2790,#2791,#2792,#2793,#2794,#2795,#2796,
    #2797,#2798,#2799,#2800,#2801,#2802,#2803,#2804,#2805,#2806,#2807,
    #2808,#2809,#2810,#2811,#2812,#2813,#2814,#2815));
#2734 = ORIENTED_EDGE('',*,*,#47,.T.);
#2735 = ORIENTED_EDGE('',*,*,#78,.T.);
#2736 = ORIENTED_EDGE('',*,*,#109,.T.);
#2737 = ORIENTED_EDGE('',*,*,#140,.T.);
#2738 = ORIENTED_EDGE('',*,*,#171,.T.);
#2739 = ORIENTED_EDGE('',*,*,#203,.T.);
#2740 = ORIENTED_EDGE('',*,*,#235,.T.);
#2741 = ORIENTED_EDGE('',*,*,#267,.T.);
#2742 = ORIENTED_EDGE('',*,*,#299,.T.);
#2743 = ORIENTED_EDGE('',*,*,#331,.T.);
#2744 = ORIENTED_EDGE('',*,*,#363,.T.);
#2745 = ORIENTED_EDGE('',*,*,#395,.T.);
#2746 = ORIENTED_EDGE('',*,*,#428,.T.);
#2747 = ORIENTED_EDGE('',*,*,#460,.T.);
#2748 = ORIENTED_EDGE('',*,*,#491,.T.);
#2749 = ORIENTED_EDGE('',*,*,#522,.T.);
#2750 = ORIENTED_EDGE('',*,*,#554,.T.);
#2751 = ORIENTED_EDGE('',*,*,#586,.T.);
#2752 = ORIENTED_EDGE('',*,*,#618,.T.);
#2753 = ORIENTED_EDGE('',*,*,#650,.T.);
#2754 = ORIENTED_EDGE('',*,*,#681,.T.);
#2755 = ORIENTED_EDGE('',*,*,#712,.T.);
#2756 = ORIENTED_EDGE('',*,*,#744,.T.);
#2757 = ORIENTED_EDGE('',*,*,#777,.T.);
#2758 = ORIENTED_EDGE('',*,*,#809,.T.);
#2759 = ORIENTED_EDGE('',*,*,#841,.T.);
#2760 = ORIENTED_EDGE('',*,*,#873,.T.);
#2761 = ORIENTED_EDGE('',*,*,#905,.T.);
#2762 = ORIENTED_EDGE('',*,*,#937,.T.);
#2763 = ORIENTED_EDGE('',*,*,#969,.T.);
#2764 = ORIENTED_EDGE('',*,*,#1001,.T.);
#2765 = ORIENTED_EDGE('',*,*,#1032,.T.);
#2766 = ORIENTED_EDGE('',*,*,#1063,.T.);
#2767 = ORIENTED_EDGE('',*,*,#1094,.T.);
#2768 = ORIENTED_EDGE('',*,*,#1125,.T.);
#2769 = ORIENTED_EDGE('',*,*,#1156,.T.);
#2770 = ORIENTED_EDGE('',*,*,#1187,.T.);
#2771 = ORIENTED_EDGE('',*,*,#1218,.T.);
#2772 = ORIENTED_EDGE('',*,*,#1249,.T.);
#2773 = ORIENTED_EDGE('',*,*,#1280,.T.);
#2774 = ORIENTED_EDGE('',*,*,#1311,.T.);
#2775 = ORIENTED_EDGE('',*,*,#1342,.T.);
#2776 = ORIENTED_EDGE('',*,*,#1373,.T.);
#2777 = ORIENTED_EDGE('',*,*,#1404,.T.);
#2778 = ORIENTED_EDGE('',*,*,#1435,.T.);
#2779 = ORIENTED_EDGE('',*,*,#1466,.T.);
#2780 = ORIENTED_EDGE('',*,*,#1497,.T.);
#2781 = ORIENTED_EDGE('',*,*,#1528,.T.);
#2782 = ORIENTED_EDGE('',*,*,#1559,.T.);
#2783 = ORIENTED_EDGE('',*,*,#1591,.T.);
#2784 = ORIENTED_EDGE('',*,*,#1623,.T.);
#2785 = ORIENTED_EDGE('',*,*,#1655,.T.);
#2786 = ORIENTED_EDGE('',*,*,#1687,.T.);
#2787 = ORIENTED_EDGE('',*,*,#1719,.T.);
#2788 = ORIENTED_EDGE('',*,*,#1751,.T.);
#2789 = ORIENTED_EDGE('',*,*,#1783,.T.);
#2790 = ORIENTED_EDGE('',*,*,#1816,.T.);
#2791 = ORIENTED_EDGE('',*,*,#1848,.T.);
#2792 = ORIENTED_EDGE('',*,*,#1879,.T.);
#2793 = ORIENTED_EDGE('',*,*,#1910,.T.);
#2794 = ORIENTED_EDGE('',*,*,#1942,.T.);
#2795 = ORIENTED_EDGE('',*,*,#1974,.T.);
#2796 = ORIENTED_EDGE('',*,*,#2006,.T.);
#2797 = ORIENTED_EDGE('',*,*,#2038,.T.);
#2798 = ORIENTED_EDGE('',*,*,#2069,.T.);
#2799 = ORIENTED_EDGE('',*,*,#2100,.T.);
#2800 = ORIENTED_EDGE('',*,*,#2132,.T.);
#2801 = ORIENTED_EDGE('',*,*,#2165,.T.);
#2802 = ORIENTED_EDGE('',*,*,#2197,.T.);
#2803 = ORIENTED_EDGE('',*,*,#2229,.T.);
#2804 = ORIENTED_EDGE('',*,*,#2261,.T.);
#2805 = ORIENTED_EDGE('',*,*,#2293,.T.);
#2806 = ORIENTED_EDGE('',*,*,#2325,.T.);
#2807 = ORIENTED_EDGE('',*,*,#2357,.T.);
#2808 = ORIENTED_EDGE('',*,*,#2389,.T.);
#2809 = ORIENTED_EDGE('',*,*,#2420,.T.);
#2810 = ORIENTED_EDGE('',*,*,#2451,.T.);
#2811 = ORIENTED_EDGE('',*,*,#2482,.T.);
#2812 = ORIENTED_EDGE('',*,*,#2513,.T.);
#2813 = ORIENTED_EDGE('',*,*,#2544,.T.);
#2814 = ORIENTED_EDGE('',*,*,#2575,.T.);
#2815 = ORIENTED_EDGE('',*,*,#2597,.T.);
#2816 = FACE_BOUND('',#2817,.T.);
#2817 = EDGE_LOOP('',(#2818,#2819,#2820,#2821));
#2818 = ORIENTED_EDGE('',*,*,#2637,.T.);
#2819 = ORIENTED_EDGE('',*,*,#2668,.T.);
#2820 = ORIENTED_EDGE('',*,*,#2699,.T.);
#2821 = ORIENTED_EDGE('',*,*,#2721,.T.);
#2822 = PLANE('',#2823);
#2823 = AXIS2_PLACEMENT_3D('',#2824,#2825,#2826);
#2824 = CARTESIAN_POINT('',(21.8,0.549158646084,-21.61415927096));
#2825 = DIRECTION('',(1.,0.,0.));
#2826 = DIRECTION('',(0.,0.,1.));
#2827 = ADVANCED_FACE('',(#2828,#2912),#2918,.F.);
#2828 = FACE_BOUND('',#2829,.T.);
#2829 = EDGE_LOOP('',(#2830,#2831,#2832,#2833,#2834,#2835,#2836,#2837,
    #2838,#2839,#2840,#2841,#2842,#2843,#2844,#2845,#2846,#2847,#2848,
    #2849,#2850,#2851,#2852,#2853,#2854,#2855,#2856,#2857,#2858,#2859,
    #2860,#2861,#2862,#2863,#2864,#2865,#2866,#2867,#2868,#2869,#2870,
    #2871,#2872,#2873,#2874,#2875,#2876,#2877,#2878,#2879,#2880,#2881,
    #2882,#2883,#2884,#2885,#2886,#2887,#2888,#2889,#2890,#2891,#2892,
    #2893,#2894,#2895,#2896,#2897,#2898,#2899,#2900,#2901,#2902,#2903,
    #2904,#2905,#2906,#2907,#2908,#2909,#2910,#2911));
#2830 = ORIENTED_EDGE('',*,*,#31,.T.);
#2831 = ORIENTED_EDGE('',*,*,#62,.T.);
#2832 = ORIENTED_EDGE('',*,*,#93,.T.);
#2833 = ORIENTED_EDGE('',*,*,#124,.T.);
#2834 = ORIENTED_EDGE('',*,*,#155,.T.);
#2835 = ORIENTED_EDGE('',*,*,#186,.T.);
#2836 = ORIENTED_EDGE('',*,*,#219,.T.);
#2837 = ORIENTED_EDGE('',*,*,#250,.T.);
#2838 = ORIENTED_EDGE('',*,*,#283,.T.);
#2839 = ORIENTED_EDGE('',*,*,#314,.T.);
#2840 = ORIENTED_EDGE('',*,*,#347,.T.);
#2841 = ORIENTED_EDGE('',*,*,#378,.T.);
#2842 = ORIENTED_EDGE('',*,*,#411,.T.);
#2843 = ORIENTED_EDGE('',*,*,#444,.T.);
#2844 = ORIENTED_EDGE('',*,*,#475,.T.);
#2845 = ORIENTED_EDGE('',*,*,#506,.T.);
#2846 = ORIENTED_EDGE('',*,*,#537,.T.);
#2847 = ORIENTED_EDGE('',*,*,#570,.T.);
#2848 = ORIENTED_EDGE('',*,*,#601,.T.);
#2849 = ORIENTED_EDGE('',*,*,#634,.T.);
#2850 = ORIENTED_EDGE('',*,*,#665,.T.);
#2851 = ORIENTED_EDGE('',*,*,#696,.T.);
#2852 = ORIENTED_EDGE('',*,*,#727,.T.);
#2853 = ORIENTED_EDGE('',*,*,#760,.T.);
#2854 = ORIENTED_EDGE('',*,*,#793,.T.);
#2855 = ORIENTED_EDGE('',*,*,#824,.T.);
#2856 = ORIENTED_EDGE('',*,*,#857,.T.);
#2857 = ORIENTED_EDGE('',*,*,#888,.T.);
#2858 = ORIENTED_EDGE('',*,*,#921,.T.);
#2859 = ORIENTED_EDGE('',*,*,#952,.T.);
#2860 = ORIENTED_EDGE('',*,*,#985,.T.);
#2861 = ORIENTED_EDGE('',*,*,#1016,.T.);
#2862 = ORIENTED_EDGE('',*,*,#1047,.T.);
#2863 = ORIENTED_EDGE('',*,*,#1078,.T.);
#2864 = ORIENTED_EDGE('',*,*,#1109,.T.);
#2865 = ORIENTED_EDGE('',*,*,#1140,.T.);
#2866 = ORIENTED_EDGE('',*,*,#1171,.T.);
#2867 = ORIENTED_EDGE('',*,*,#1202,.T.);
#2868 = ORIENTED_EDGE('',*,*,#1233,.T.);
#2869 = ORIENTED_EDGE('',*,*,#1264,.T.);
#2870 = ORIENTED_EDGE('',*,*,#1295,.T.);
#2871 = ORIENTED_EDGE('',*,*,#1326,.T.);
#2872 = ORIENTED_EDGE('',*,*,#1357,.T.);
#2873 = ORIENTED_EDGE('',*,*,#1388,.T.);
#2874 = ORIENTED_EDGE('',*,*,#1419,.T.);
#2875 = ORIENTED_EDGE('',*,*,#1450,.T.);
#2876 = ORIENTED_EDGE('',*,*,#1481,.T.);
#2877 = ORIENTED_EDGE('',*,*,#1512,.T.);
#2878 = ORIENTED_EDGE('',*,*,#1543,.T.);
#2879 = ORIENTED_EDGE('',*,*,#1574,.T.);
#2880 = ORIENTED_EDGE('',*,*,#1607,.T.);
#2881 = ORIENTED_EDGE('',*,*,#1638,.T.);
#2882 = ORIENTED_EDGE('',*,*,#1671,.T.);
#2883 = ORIENTED_EDGE('',*,*,#1702,.T.);
#2884 = ORIENTED_EDGE('',*,*,#1735,.T.);
#2885 = ORIENTED_EDGE('',*,*,#1766,.T.);
#2886 = ORIENTED_EDGE('',*,*,#1799,.T.);
#2887 = ORIENTED_EDGE('',*,*,#1832,.T.);
#2888 = ORIENTED_EDGE('',*,*,#1863,.T.);
#2889 = ORIENTED_EDGE('',*,*,#1894,.T.);
#2890 = ORIENTED_EDGE('',*,*,#1925,.T.);
#2891 = ORIENTED_EDGE('',*,*,#1958,.T.);
#2892 = ORIENTED_EDGE('',*,*,#1989,.T.);
#2893 = ORIENTED_EDGE('',*,*,#2022,.T.);
#2894 = ORIENTED_EDGE('',*,*,#2053,.T.);
#2895 = ORIENTED_EDGE('',*,*,#2084,.T.);
#2896 = ORIENTED_EDGE('',*,*,#2115,.T.);
#2897 = ORIENTED_EDGE('',*,*,#2148,.T.);
#2898 = ORIENTED_EDGE('',*,*,#2181,.T.);
#2899 = ORIENTED_EDGE('',*,*,#2212,.T.);
#2900 = ORIENTED_EDGE('',*,*,#2245,.T.);
#2901 = ORIENTED_EDGE('',*,*,#2276,.T.);
#2902 = ORIENTED_EDGE('',*,*,#2309,.T.);
#2903 = ORIENTED_EDGE('',*,*,#2340,.T.);
#2904 = ORIENTED_EDGE('',*,*,#2373,.T.);
#2905 = ORIENTED_EDGE('',*,*,#2404,.T.);
#2906 = ORIENTED_EDGE('',*,*,#2435,.T.);
#2907 = ORIENTED_EDGE('',*,*,#2466,.T.);
#2908 = ORIENTED_EDGE('',*,*,#2497,.T.);
#2909 = ORIENTED_EDGE('',*,*,#2528,.T.);
#2910 = ORIENTED_EDGE('',*,*,#2559,.T.);
#2911 = ORIENTED_EDGE('',*,*,#2590,.T.);
#2912 = FACE_BOUND('',#2913,.F.);
#2913 = EDGE_LOOP('',(#2914,#2915,#2916,#2917));
#2914 = ORIENTED_EDGE('',*,*,#2621,.T.);
#2915 = ORIENTED_EDGE('',*,*,#2652,.T.);
#2916 = ORIENTED_EDGE('',*,*,#2683,.T.);
#2917 = ORIENTED_EDGE('',*,*,#2714,.T.);
#2918 = PLANE('',#2919);
#2919 = AXIS2_PLACEMENT_3D('',#2920,#2921,#2922);
#2920 = CARTESIAN_POINT('',(21.3,0.549158646084,-21.61415927096));
#2921 = DIRECTION('',(1.,0.,0.));
#2922 = DIRECTION('',(0.,0.,1.));
#2923 = ( GEOMETRIC_REPRESENTATION_CONTEXT(3) 
GLOBAL_UNCERTAINTY_ASSIGNED_CONTEXT((#2927)) 
GLOBAL_UNIT_ASSIGNED_CONTEXT((#2924,#2925,#2926)) REPRESENTATION_CONTEXT
('Context #1','3D Context with UNIT and UNCERTAINTY') );
#2924 = ( LENGTH_UNIT() NAMED_UNIT(*) SI_UNIT(.MILLI.,.METRE.) );
#2925 = ( NAMED_UNIT(*) PLANE_ANGLE_UNIT() SI_UNIT($,.RADIAN.) );
#2926 = ( NAMED_UNIT(*) SI_UNIT($,.STERADIAN.) SOLID_ANGLE_UNIT() );
#2927 = UNCERTAINTY_MEASURE_WITH_UNIT(LENGTH_MEASURE(1.E-07),#2924,
  'distance_accuracy_value','confusion accuracy');
#2928 = PRODUCT_RELATED_PRODUCT_CATEGORY('part',$,(#7));
#2929 = MECHANICAL_DESIGN_GEOMETRIC_PRESENTATION_REPRESENTATION('',(
    #2930),#2923);
#2930 = STYLED_ITEM('color',(#2931),#15);
#2931 = PRESENTATION_STYLE_ASSIGNMENT((#2932,#2940));
#2932 = SURFACE_STYLE_USAGE(.BOTH.,#2933);
#2933 = SURFACE_SIDE_STYLE('',(#2934,#2938));
#2934 = SURFACE_STYLE_FILL_AREA(#2935);
#2935 = FILL_AREA_STYLE('',(#2936));
#2936 = FILL_AREA_STYLE_COLOUR('',#2937);
#2937 = COLOUR_RGB('',0.447058818107,0.474509808674,0.501960817233);
#2938 = SURFACE_STYLE_RENDERING_WITH_PROPERTIES(.NORMAL_SHADING.,#2937,(
    #2939));
#2939 = SURFACE_STYLE_TRANSPARENT(1.);
#2940 = CURVE_STYLE('',#2941,POSITIVE_LENGTH_MEASURE(0.1),#2937);
#2941 = DRAUGHTING_PRE_DEFINED_CURVE_FONT('continuous');
ENDSEC;
END-ISO-10303-21;
