ISO-10303-21;
HEADER;
FILE_DESCRIPTION(('FreeCAD Model'),'2;1');
FILE_NAME('Open CASCADE Shape Model','2026-01-31T01:01:36',('Author'),(
    ''),'Open CASCADE STEP processor 7.8','FreeCAD','Unknown');
FILE_SCHEMA(('AUTOMOTIVE_DESIGN { 1 0 10303 214 1 1 1 1 }'));
ENDSEC;
DATA;
#1 = APPLICATION_PROTOCOL_DEFINITION('international standard',
  'automotive_design',2000,#2);
#2 = APPLICATION_CONTEXT(
  'core data for automotive mechanical design processes');
#3 = SHAPE_DEFINITION_REPRESENTATION(#4,#10);
#4 = PRODUCT_DEFINITION_SHAPE('','',#5);
#5 = PRODUCT_DEFINITION('design','',#6,#9);
#6 = PRODUCT_DEFINITION_FORMATION('','',#7);
#7 = PRODUCT('Body','Body','',(#8));
#8 = PRODUCT_CONTEXT('',#2,'mechanical');
#9 = PRODUCT_DEFINITION_CONTEXT('part definition',#2,'design');
#10 = ADVANCED_BREP_SHAPE_REPRESENTATION('',(#11,#15),#2683);
#11 = AXIS2_PLACEMENT_3D('',#12,#13,#14);
#12 = CARTESIAN_POINT('',(0.,0.,0.));
#13 = DIRECTION('',(0.,0.,1.));
#14 = DIRECTION('',(1.,0.,-0.));
#15 = MANIFOLD_SOLID_BREP('',#16);
#16 = CLOSED_SHELL('',(#17,#248,#279,#304,#328,#352,#376,#401,#425,#449,
    #474,#499,#523,#547,#572,#596,#620,#667,#698,#722,#746,#820,#844,
    #868,#899,#939,#963,#987,#1012,#1036,#1060,#1084,#1102,#1142,#1366,
    #1397,#1428,#1447,#1471,#1488,#1505,#1536,#1560,#1591,#1615,#1639,
    #1656,#1689,#1706,#1723,#1740,#1757,#1774,#1805,#1830,#1855,#1879,
    #1903,#1927,#1952,#1976,#2000,#2024,#2041,#2066,#2090,#2115,#2155,
    #2186,#2210,#2234,#2258,#2282,#2306,#2331,#2355,#2379,#2404,#2429,
    #2446,#2470,#2487,#2528,#2545,#2578,#2608,#2625,#2642,#2659,#2671));
#17 = ADVANCED_FACE('',(#18),#243,.T.);
#18 = FACE_BOUND('',#19,.T.);
#19 = EDGE_LOOP('',(#20,#30,#38,#46,#54,#63,#71,#80,#88,#96,#104,#112,
    #121,#129,#138,#146,#154,#162,#170,#178,#186,#194,#202,#211,#219,
    #228,#236));
#20 = ORIENTED_EDGE('',*,*,#21,.T.);
#21 = EDGE_CURVE('',#22,#24,#26,.T.);
#22 = VERTEX_POINT('',#23);
#23 = CARTESIAN_POINT('',(21.3,-3.999999999994,2.699999999994));
#24 = VERTEX_POINT('',#25);
#25 = CARTESIAN_POINT('',(21.3,-6.,2.699999999969));
#26 = LINE('',#27,#28);
#27 = CARTESIAN_POINT('',(21.3,-2.550000000002,2.700000000012));
#28 = VECTOR('',#29,1.);
#29 = DIRECTION('',(-0.,-1.,-1.240696E-11));
#30 = ORIENTED_EDGE('',*,*,#31,.T.);
#31 = EDGE_CURVE('',#24,#32,#34,.T.);
#32 = VERTEX_POINT('',#33);
#33 = CARTESIAN_POINT('',(21.3,-6.,1.699999999969));
#34 = LINE('',#35,#36);
#35 = CARTESIAN_POINT('',(21.3,-6.,2.024999999984));
#36 = VECTOR('',#37,1.);
#37 = DIRECTION('',(0.,0.,-1.));
#38 = ORIENTED_EDGE('',*,*,#39,.T.);
#39 = EDGE_CURVE('',#32,#40,#42,.T.);
#40 = VERTEX_POINT('',#41);
#41 = CARTESIAN_POINT('',(21.3,0.6,1.699999999969));
#42 = LINE('',#43,#44);
#43 = CARTESIAN_POINT('',(21.3,0.75,1.699999999969));
#44 = VECTOR('',#45,1.);
#45 = DIRECTION('',(0.,1.,0.));
#46 = ORIENTED_EDGE('',*,*,#47,.T.);
#47 = EDGE_CURVE('',#40,#48,#50,.T.);
#48 = VERTEX_POINT('',#49);
#49 = CARTESIAN_POINT('',(21.3,0.6,2.499999999969));
#50 = LINE('',#51,#52);
#51 = CARTESIAN_POINT('',(21.3,0.6,2.524999999984));
#52 = VECTOR('',#53,1.);
#53 = DIRECTION('',(0.,0.,1.));
#54 = ORIENTED_EDGE('',*,*,#55,.F.);
#55 = EDGE_CURVE('',#56,#48,#58,.T.);
#56 = VERTEX_POINT('',#57);
#57 = CARTESIAN_POINT('',(21.3,0.8,2.699999999969));
#58 = CIRCLE('',#59,0.2);
#59 = AXIS2_PLACEMENT_3D('',#60,#61,#62);
#60 = CARTESIAN_POINT('',(21.3,0.8,2.499999999969));
#61 = DIRECTION('',(1.,-0.,0.));
#62 = DIRECTION('',(0.,0.,-1.));
#63 = ORIENTED_EDGE('',*,*,#64,.T.);
#64 = EDGE_CURVE('',#56,#65,#67,.T.);
#65 = VERTEX_POINT('',#66);
#66 = CARTESIAN_POINT('',(21.3,1.,2.699999999969));
#67 = LINE('',#68,#69);
#68 = CARTESIAN_POINT('',(21.3,1.05,2.699999999969));
#69 = VECTOR('',#70,1.);
#70 = DIRECTION('',(0.,1.,0.));
#71 = ORIENTED_EDGE('',*,*,#72,.T.);
#72 = EDGE_CURVE('',#65,#73,#75,.T.);
#73 = VERTEX_POINT('',#74);
#74 = CARTESIAN_POINT('',(21.3,1.2,2.499999999969));
#75 = CIRCLE('',#76,0.2);
#76 = AXIS2_PLACEMENT_3D('',#77,#78,#79);
#77 = CARTESIAN_POINT('',(21.3,1.,2.499999999969));
#78 = DIRECTION('',(-1.,-0.,-0.));
#79 = DIRECTION('',(0.,0.,-1.));
#80 = ORIENTED_EDGE('',*,*,#81,.T.);
#81 = EDGE_CURVE('',#73,#82,#84,.T.);
#82 = VERTEX_POINT('',#83);
#83 = CARTESIAN_POINT('',(21.3,1.2,1.7));
#84 = LINE('',#85,#86);
#85 = CARTESIAN_POINT('',(21.3,1.2,2.025));
#86 = VECTOR('',#87,1.);
#87 = DIRECTION('',(0.,0.,-1.));
#88 = ORIENTED_EDGE('',*,*,#89,.T.);
#89 = EDGE_CURVE('',#82,#90,#92,.T.);
#90 = VERTEX_POINT('',#91);
#91 = CARTESIAN_POINT('',(21.3,7.6,1.7));
#92 = LINE('',#93,#94);
#93 = CARTESIAN_POINT('',(21.3,4.25,1.7));
#94 = VECTOR('',#95,1.);
#95 = DIRECTION('',(0.,1.,0.));
#96 = ORIENTED_EDGE('',*,*,#97,.T.);
#97 = EDGE_CURVE('',#90,#98,#100,.T.);
#98 = VERTEX_POINT('',#99);
#99 = CARTESIAN_POINT('',(21.3,7.6,2.7));
#100 = LINE('',#101,#102);
#101 = CARTESIAN_POINT('',(21.3,7.6,2.525));
#102 = VECTOR('',#103,1.);
#103 = DIRECTION('',(0.,0.,1.));
#104 = ORIENTED_EDGE('',*,*,#105,.T.);
#105 = EDGE_CURVE('',#98,#106,#108,.T.);
#106 = VERTEX_POINT('',#107);
#107 = CARTESIAN_POINT('',(21.3,5.8,2.7));
#108 = LINE('',#109,#110);
#109 = CARTESIAN_POINT('',(21.3,3.1,2.7));
#110 = VECTOR('',#111,1.);
#111 = DIRECTION('',(-0.,-1.,-0.));
#112 = ORIENTED_EDGE('',*,*,#113,.F.);
#113 = EDGE_CURVE('',#114,#106,#116,.T.);
#114 = VERTEX_POINT('',#115);
#115 = CARTESIAN_POINT('',(21.3,5.3,3.2));
#116 = CIRCLE('',#117,0.5);
#117 = AXIS2_PLACEMENT_3D('',#118,#119,#120);
#118 = CARTESIAN_POINT('',(21.3,5.8,3.2));
#119 = DIRECTION('',(1.,-0.,0.));
#120 = DIRECTION('',(0.,0.,-1.));
#121 = ORIENTED_EDGE('',*,*,#122,.T.);
#122 = EDGE_CURVE('',#114,#123,#125,.T.);
#123 = VERTEX_POINT('',#124);
#124 = CARTESIAN_POINT('',(21.3,5.3,4.2));
#125 = LINE('',#126,#127);
#126 = CARTESIAN_POINT('',(21.3,5.3,3.525));
#127 = VECTOR('',#128,1.);
#128 = DIRECTION('',(0.,0.,1.));
#129 = ORIENTED_EDGE('',*,*,#130,.F.);
#130 = EDGE_CURVE('',#131,#123,#133,.T.);
#131 = VERTEX_POINT('',#132);
#132 = CARTESIAN_POINT('',(21.3,5.8,4.7));
#133 = CIRCLE('',#134,0.5);
#134 = AXIS2_PLACEMENT_3D('',#135,#136,#137);
#135 = CARTESIAN_POINT('',(21.3,5.8,4.2));
#136 = DIRECTION('',(1.,-0.,0.));
#137 = DIRECTION('',(0.,0.,-1.));
#138 = ORIENTED_EDGE('',*,*,#139,.T.);
#139 = EDGE_CURVE('',#131,#140,#142,.T.);
#140 = VERTEX_POINT('',#141);
#141 = CARTESIAN_POINT('',(21.3,10.3,4.7));
#142 = LINE('',#143,#144);
#143 = CARTESIAN_POINT('',(21.3,-16.,4.7));
#144 = VECTOR('',#145,1.);
#145 = DIRECTION('',(0.,1.,0.));
#146 = ORIENTED_EDGE('',*,*,#147,.F.);
#147 = EDGE_CURVE('',#148,#140,#150,.T.);
#148 = VERTEX_POINT('',#149);
#149 = CARTESIAN_POINT('',(21.3,10.3,1.7));
#150 = LINE('',#151,#152);
#151 = CARTESIAN_POINT('',(21.3,10.3,3.525));
#152 = VECTOR('',#153,1.);
#153 = DIRECTION('',(0.,0.,1.));
#154 = ORIENTED_EDGE('',*,*,#155,.F.);
#155 = EDGE_CURVE('',#156,#148,#158,.T.);
#156 = VERTEX_POINT('',#157);
#157 = CARTESIAN_POINT('',(21.3,17.8,1.7));
#158 = LINE('',#159,#160);
#159 = CARTESIAN_POINT('',(21.3,5.6,1.7));
#160 = VECTOR('',#161,1.);
#161 = DIRECTION('',(-0.,-1.,-0.));
#162 = ORIENTED_EDGE('',*,*,#163,.F.);
#163 = EDGE_CURVE('',#164,#156,#166,.T.);
#164 = VERTEX_POINT('',#165);
#165 = CARTESIAN_POINT('',(21.3,17.8,0.));
#166 = LINE('',#167,#168);
#167 = CARTESIAN_POINT('',(21.3,17.8,0.));
#168 = VECTOR('',#169,1.);
#169 = DIRECTION('',(0.,0.,1.));
#170 = ORIENTED_EDGE('',*,*,#171,.F.);
#171 = EDGE_CURVE('',#172,#164,#174,.T.);
#172 = VERTEX_POINT('',#173);
#173 = CARTESIAN_POINT('',(21.3,-16.,0.));
#174 = LINE('',#175,#176);
#175 = CARTESIAN_POINT('',(21.3,-16.,0.));
#176 = VECTOR('',#177,1.);
#177 = DIRECTION('',(0.,1.,0.));
#178 = ORIENTED_EDGE('',*,*,#179,.F.);
#179 = EDGE_CURVE('',#180,#172,#182,.T.);
#180 = VERTEX_POINT('',#181);
#181 = CARTESIAN_POINT('',(21.3,-16.,1.7));
#182 = LINE('',#183,#184);
#183 = CARTESIAN_POINT('',(21.3,-16.,1.7));
#184 = VECTOR('',#185,1.);
#185 = DIRECTION('',(0.,0.,-1.));
#186 = ORIENTED_EDGE('',*,*,#187,.F.);
#187 = EDGE_CURVE('',#188,#180,#190,.T.);
#188 = VERTEX_POINT('',#189);
#189 = CARTESIAN_POINT('',(21.3,-8.5,1.7));
#190 = LINE('',#191,#192);
#191 = CARTESIAN_POINT('',(21.3,-7.55,1.7));
#192 = VECTOR('',#193,1.);
#193 = DIRECTION('',(-0.,-1.,-0.));
#194 = ORIENTED_EDGE('',*,*,#195,.F.);
#195 = EDGE_CURVE('',#196,#188,#198,.T.);
#196 = VERTEX_POINT('',#197);
#197 = CARTESIAN_POINT('',(21.3,-8.5,4.2));
#198 = LINE('',#199,#200);
#199 = CARTESIAN_POINT('',(21.3,-8.5,2.025));
#200 = VECTOR('',#201,1.);
#201 = DIRECTION('',(0.,0.,-1.));
#202 = ORIENTED_EDGE('',*,*,#203,.F.);
#203 = EDGE_CURVE('',#204,#196,#206,.T.);
#204 = VERTEX_POINT('',#205);
#205 = CARTESIAN_POINT('',(21.3,-8.,4.7));
#206 = CIRCLE('',#207,0.5);
#207 = AXIS2_PLACEMENT_3D('',#208,#209,#210);
#208 = CARTESIAN_POINT('',(21.3,-8.,4.2));
#209 = DIRECTION('',(1.,-0.,0.));
#210 = DIRECTION('',(0.,0.,-1.));
#211 = ORIENTED_EDGE('',*,*,#212,.T.);
#212 = EDGE_CURVE('',#204,#213,#215,.T.);
#213 = VERTEX_POINT('',#214);
#214 = CARTESIAN_POINT('',(21.3,-4.,4.7));
#215 = LINE('',#216,#217);
#216 = CARTESIAN_POINT('',(21.3,-16.,4.7));
#217 = VECTOR('',#218,1.);
#218 = DIRECTION('',(0.,1.,0.));
#219 = ORIENTED_EDGE('',*,*,#220,.T.);
#220 = EDGE_CURVE('',#213,#221,#223,.T.);
#221 = VERTEX_POINT('',#222);
#222 = CARTESIAN_POINT('',(21.3,-3.5,4.2));
#223 = CIRCLE('',#224,0.5);
#224 = AXIS2_PLACEMENT_3D('',#225,#226,#227);
#225 = CARTESIAN_POINT('',(21.3,-4.,4.2));
#226 = DIRECTION('',(-1.,-0.,-0.));
#227 = DIRECTION('',(0.,0.,-1.));
#228 = ORIENTED_EDGE('',*,*,#229,.T.);
#229 = EDGE_CURVE('',#221,#230,#232,.T.);
#230 = VERTEX_POINT('',#231);
#231 = CARTESIAN_POINT('',(21.3,-3.5,3.199999999994));
#232 = LINE('',#233,#234);
#233 = CARTESIAN_POINT('',(21.3,-3.5,2.525));
#234 = VECTOR('',#235,1.);
#235 = DIRECTION('',(0.,0.,-1.));
#236 = ORIENTED_EDGE('',*,*,#237,.F.);
#237 = EDGE_CURVE('',#22,#230,#238,.T.);
#238 = CIRCLE('',#239,0.5);
#239 = AXIS2_PLACEMENT_3D('',#240,#241,#242);
#240 = CARTESIAN_POINT('',(21.3,-4.,3.199999999994));
#241 = DIRECTION('',(1.,-0.,0.));
#242 = DIRECTION('',(0.,0.,-1.));
#243 = PLANE('',#244);
#244 = AXIS2_PLACEMENT_3D('',#245,#246,#247);
#245 = CARTESIAN_POINT('',(21.3,0.9,2.35));
#246 = DIRECTION('',(-1.,0.,0.));
#247 = DIRECTION('',(0.,0.,1.));
#248 = ADVANCED_FACE('',(#249),#274,.T.);
#249 = FACE_BOUND('',#250,.T.);
#250 = EDGE_LOOP('',(#251,#261,#267,#268));
#251 = ORIENTED_EDGE('',*,*,#252,.F.);
#252 = EDGE_CURVE('',#253,#255,#257,.T.);
#253 = VERTEX_POINT('',#254);
#254 = CARTESIAN_POINT('',(21.6,-6.,2.699999999969));
#255 = VERTEX_POINT('',#256);
#256 = CARTESIAN_POINT('',(21.6,-3.999999999994,2.699999999994));
#257 = LINE('',#258,#259);
#258 = CARTESIAN_POINT('',(21.6,-6.,2.699999999969));
#259 = VECTOR('',#260,1.);
#260 = DIRECTION('',(0.,1.,1.240696E-11));
#261 = ORIENTED_EDGE('',*,*,#262,.T.);
#262 = EDGE_CURVE('',#253,#24,#263,.T.);
#263 = LINE('',#264,#265);
#264 = CARTESIAN_POINT('',(21.6,-6.,2.699999999969));
#265 = VECTOR('',#266,1.);
#266 = DIRECTION('',(-1.,-0.,-0.));
#267 = ORIENTED_EDGE('',*,*,#21,.F.);
#268 = ORIENTED_EDGE('',*,*,#269,.F.);
#269 = EDGE_CURVE('',#255,#22,#270,.T.);
#270 = LINE('',#271,#272);
#271 = CARTESIAN_POINT('',(21.6,-3.999999999994,2.699999999994));
#272 = VECTOR('',#273,1.);
#273 = DIRECTION('',(-1.,-0.,-0.));
#274 = PLANE('',#275);
#275 = AXIS2_PLACEMENT_3D('',#276,#277,#278);
#276 = CARTESIAN_POINT('',(21.6,-6.,2.699999999969));
#277 = DIRECTION('',(0.,1.240696E-11,-1.));
#278 = DIRECTION('',(0.,1.,1.240696E-11));
#279 = ADVANCED_FACE('',(#280),#299,.T.);
#280 = FACE_BOUND('',#281,.F.);
#281 = EDGE_LOOP('',(#282,#291,#297,#298));
#282 = ORIENTED_EDGE('',*,*,#283,.T.);
#283 = EDGE_CURVE('',#255,#284,#286,.T.);
#284 = VERTEX_POINT('',#285);
#285 = CARTESIAN_POINT('',(21.6,-3.5,3.199999999994));
#286 = CIRCLE('',#287,0.5);
#287 = AXIS2_PLACEMENT_3D('',#288,#289,#290);
#288 = CARTESIAN_POINT('',(21.6,-4.,3.199999999994));
#289 = DIRECTION('',(1.,-0.,0.));
#290 = DIRECTION('',(0.,0.,-1.));
#291 = ORIENTED_EDGE('',*,*,#292,.T.);
#292 = EDGE_CURVE('',#284,#230,#293,.T.);
#293 = LINE('',#294,#295);
#294 = CARTESIAN_POINT('',(21.6,-3.5,3.199999999994));
#295 = VECTOR('',#296,1.);
#296 = DIRECTION('',(-1.,-0.,-0.));
#297 = ORIENTED_EDGE('',*,*,#237,.F.);
#298 = ORIENTED_EDGE('',*,*,#269,.F.);
#299 = CYLINDRICAL_SURFACE('',#300,0.5);
#300 = AXIS2_PLACEMENT_3D('',#301,#302,#303);
#301 = CARTESIAN_POINT('',(21.6,-4.,3.199999999994));
#302 = DIRECTION('',(-1.,-0.,-0.));
#303 = DIRECTION('',(0.,1.240696E-11,-1.));
#304 = ADVANCED_FACE('',(#305),#323,.T.);
#305 = FACE_BOUND('',#306,.T.);
#306 = EDGE_LOOP('',(#307,#315,#321,#322));
#307 = ORIENTED_EDGE('',*,*,#308,.F.);
#308 = EDGE_CURVE('',#309,#253,#311,.T.);
#309 = VERTEX_POINT('',#310);
#310 = CARTESIAN_POINT('',(21.6,-6.,1.699999999969));
#311 = LINE('',#312,#313);
#312 = CARTESIAN_POINT('',(21.6,-6.,1.699999999969));
#313 = VECTOR('',#314,1.);
#314 = DIRECTION('',(0.,0.,1.));
#315 = ORIENTED_EDGE('',*,*,#316,.T.);
#316 = EDGE_CURVE('',#309,#32,#317,.T.);
#317 = LINE('',#318,#319);
#318 = CARTESIAN_POINT('',(21.6,-6.,1.699999999969));
#319 = VECTOR('',#320,1.);
#320 = DIRECTION('',(-1.,-0.,-0.));
#321 = ORIENTED_EDGE('',*,*,#31,.F.);
#322 = ORIENTED_EDGE('',*,*,#262,.F.);
#323 = PLANE('',#324);
#324 = AXIS2_PLACEMENT_3D('',#325,#326,#327);
#325 = CARTESIAN_POINT('',(21.6,-6.,1.699999999969));
#326 = DIRECTION('',(0.,1.,0.));
#327 = DIRECTION('',(0.,0.,1.));
#328 = ADVANCED_FACE('',(#329),#347,.T.);
#329 = FACE_BOUND('',#330,.T.);
#330 = EDGE_LOOP('',(#331,#339,#340,#341));
#331 = ORIENTED_EDGE('',*,*,#332,.F.);
#332 = EDGE_CURVE('',#284,#333,#335,.T.);
#333 = VERTEX_POINT('',#334);
#334 = CARTESIAN_POINT('',(21.6,-3.5,4.2));
#335 = LINE('',#336,#337);
#336 = CARTESIAN_POINT('',(21.6,-3.5,2.7));
#337 = VECTOR('',#338,1.);
#338 = DIRECTION('',(0.,0.,1.));
#339 = ORIENTED_EDGE('',*,*,#292,.T.);
#340 = ORIENTED_EDGE('',*,*,#229,.F.);
#341 = ORIENTED_EDGE('',*,*,#342,.F.);
#342 = EDGE_CURVE('',#333,#221,#343,.T.);
#343 = LINE('',#344,#345);
#344 = CARTESIAN_POINT('',(21.6,-3.5,4.2));
#345 = VECTOR('',#346,1.);
#346 = DIRECTION('',(-1.,-0.,-0.));
#347 = PLANE('',#348);
#348 = AXIS2_PLACEMENT_3D('',#349,#350,#351);
#349 = CARTESIAN_POINT('',(21.6,-3.5,2.7));
#350 = DIRECTION('',(0.,1.,0.));
#351 = DIRECTION('',(0.,0.,1.));
#352 = ADVANCED_FACE('',(#353),#371,.T.);
#353 = FACE_BOUND('',#354,.T.);
#354 = EDGE_LOOP('',(#355,#363,#369,#370));
#355 = ORIENTED_EDGE('',*,*,#356,.F.);
#356 = EDGE_CURVE('',#357,#309,#359,.T.);
#357 = VERTEX_POINT('',#358);
#358 = CARTESIAN_POINT('',(21.6,0.6,1.699999999969));
#359 = LINE('',#360,#361);
#360 = CARTESIAN_POINT('',(21.6,0.6,1.699999999969));
#361 = VECTOR('',#362,1.);
#362 = DIRECTION('',(0.,-1.,0.));
#363 = ORIENTED_EDGE('',*,*,#364,.T.);
#364 = EDGE_CURVE('',#357,#40,#365,.T.);
#365 = LINE('',#366,#367);
#366 = CARTESIAN_POINT('',(21.6,0.6,1.699999999969));
#367 = VECTOR('',#368,1.);
#368 = DIRECTION('',(-1.,-0.,-0.));
#369 = ORIENTED_EDGE('',*,*,#39,.F.);
#370 = ORIENTED_EDGE('',*,*,#316,.F.);
#371 = PLANE('',#372);
#372 = AXIS2_PLACEMENT_3D('',#373,#374,#375);
#373 = CARTESIAN_POINT('',(21.6,0.6,1.699999999969));
#374 = DIRECTION('',(0.,0.,1.));
#375 = DIRECTION('',(0.,-1.,0.));
#376 = ADVANCED_FACE('',(#377),#396,.T.);
#377 = FACE_BOUND('',#378,.T.);
#378 = EDGE_LOOP('',(#379,#388,#389,#390));
#379 = ORIENTED_EDGE('',*,*,#380,.T.);
#380 = EDGE_CURVE('',#381,#333,#383,.T.);
#381 = VERTEX_POINT('',#382);
#382 = CARTESIAN_POINT('',(21.6,-4.,4.7));
#383 = CIRCLE('',#384,0.5);
#384 = AXIS2_PLACEMENT_3D('',#385,#386,#387);
#385 = CARTESIAN_POINT('',(21.6,-4.,4.2));
#386 = DIRECTION('',(-1.,-0.,-0.));
#387 = DIRECTION('',(0.,0.,-1.));
#388 = ORIENTED_EDGE('',*,*,#342,.T.);
#389 = ORIENTED_EDGE('',*,*,#220,.F.);
#390 = ORIENTED_EDGE('',*,*,#391,.F.);
#391 = EDGE_CURVE('',#381,#213,#392,.T.);
#392 = LINE('',#393,#394);
#393 = CARTESIAN_POINT('',(21.6,-4.,4.7));
#394 = VECTOR('',#395,1.);
#395 = DIRECTION('',(-1.,-0.,-0.));
#396 = CYLINDRICAL_SURFACE('',#397,0.5);
#397 = AXIS2_PLACEMENT_3D('',#398,#399,#400);
#398 = CARTESIAN_POINT('',(21.6,-4.,4.2));
#399 = DIRECTION('',(-1.,-0.,-0.));
#400 = DIRECTION('',(0.,0.,1.));
#401 = ADVANCED_FACE('',(#402),#420,.T.);
#402 = FACE_BOUND('',#403,.T.);
#403 = EDGE_LOOP('',(#404,#412,#418,#419));
#404 = ORIENTED_EDGE('',*,*,#405,.F.);
#405 = EDGE_CURVE('',#406,#357,#408,.T.);
#406 = VERTEX_POINT('',#407);
#407 = CARTESIAN_POINT('',(21.6,0.6,2.499999999969));
#408 = LINE('',#409,#410);
#409 = CARTESIAN_POINT('',(21.6,0.6,2.699999999969));
#410 = VECTOR('',#411,1.);
#411 = DIRECTION('',(0.,0.,-1.));
#412 = ORIENTED_EDGE('',*,*,#413,.T.);
#413 = EDGE_CURVE('',#406,#48,#414,.T.);
#414 = LINE('',#415,#416);
#415 = CARTESIAN_POINT('',(21.6,0.6,2.499999999969));
#416 = VECTOR('',#417,1.);
#417 = DIRECTION('',(-1.,-0.,-0.));
#418 = ORIENTED_EDGE('',*,*,#47,.F.);
#419 = ORIENTED_EDGE('',*,*,#364,.F.);
#420 = PLANE('',#421);
#421 = AXIS2_PLACEMENT_3D('',#422,#423,#424);
#422 = CARTESIAN_POINT('',(21.6,0.6,2.699999999969));
#423 = DIRECTION('',(0.,-1.,0.));
#424 = DIRECTION('',(0.,0.,-1.));
#425 = ADVANCED_FACE('',(#426),#444,.T.);
#426 = FACE_BOUND('',#427,.T.);
#427 = EDGE_LOOP('',(#428,#429,#437,#443));
#428 = ORIENTED_EDGE('',*,*,#212,.F.);
#429 = ORIENTED_EDGE('',*,*,#430,.F.);
#430 = EDGE_CURVE('',#431,#204,#433,.T.);
#431 = VERTEX_POINT('',#432);
#432 = CARTESIAN_POINT('',(21.6,-8.,4.7));
#433 = LINE('',#434,#435);
#434 = CARTESIAN_POINT('',(21.6,-8.,4.7));
#435 = VECTOR('',#436,1.);
#436 = DIRECTION('',(-1.,-0.,-0.));
#437 = ORIENTED_EDGE('',*,*,#438,.T.);
#438 = EDGE_CURVE('',#431,#381,#439,.T.);
#439 = LINE('',#440,#441);
#440 = CARTESIAN_POINT('',(21.6,-16.,4.7));
#441 = VECTOR('',#442,1.);
#442 = DIRECTION('',(0.,1.,0.));
#443 = ORIENTED_EDGE('',*,*,#391,.T.);
#444 = PLANE('',#445);
#445 = AXIS2_PLACEMENT_3D('',#446,#447,#448);
#446 = CARTESIAN_POINT('',(21.3,-16.,4.7));
#447 = DIRECTION('',(0.,0.,1.));
#448 = DIRECTION('',(0.,1.,0.));
#449 = ADVANCED_FACE('',(#450),#469,.T.);
#450 = FACE_BOUND('',#451,.F.);
#451 = EDGE_LOOP('',(#452,#461,#462,#463));
#452 = ORIENTED_EDGE('',*,*,#453,.T.);
#453 = EDGE_CURVE('',#454,#406,#456,.T.);
#454 = VERTEX_POINT('',#455);
#455 = CARTESIAN_POINT('',(21.6,0.8,2.699999999969));
#456 = CIRCLE('',#457,0.2);
#457 = AXIS2_PLACEMENT_3D('',#458,#459,#460);
#458 = CARTESIAN_POINT('',(21.6,0.8,2.499999999969));
#459 = DIRECTION('',(1.,-0.,0.));
#460 = DIRECTION('',(0.,0.,-1.));
#461 = ORIENTED_EDGE('',*,*,#413,.T.);
#462 = ORIENTED_EDGE('',*,*,#55,.F.);
#463 = ORIENTED_EDGE('',*,*,#464,.F.);
#464 = EDGE_CURVE('',#454,#56,#465,.T.);
#465 = LINE('',#466,#467);
#466 = CARTESIAN_POINT('',(21.6,0.8,2.699999999969));
#467 = VECTOR('',#468,1.);
#468 = DIRECTION('',(-1.,-0.,-0.));
#469 = CYLINDRICAL_SURFACE('',#470,0.2);
#470 = AXIS2_PLACEMENT_3D('',#471,#472,#473);
#471 = CARTESIAN_POINT('',(21.6,0.8,2.499999999969));
#472 = DIRECTION('',(-1.,-0.,-0.));
#473 = DIRECTION('',(0.,0.,1.));
#474 = ADVANCED_FACE('',(#475),#494,.T.);
#475 = FACE_BOUND('',#476,.F.);
#476 = EDGE_LOOP('',(#477,#486,#492,#493));
#477 = ORIENTED_EDGE('',*,*,#478,.T.);
#478 = EDGE_CURVE('',#431,#479,#481,.T.);
#479 = VERTEX_POINT('',#480);
#480 = CARTESIAN_POINT('',(21.6,-8.5,4.2));
#481 = CIRCLE('',#482,0.5);
#482 = AXIS2_PLACEMENT_3D('',#483,#484,#485);
#483 = CARTESIAN_POINT('',(21.6,-8.,4.2));
#484 = DIRECTION('',(1.,-0.,0.));
#485 = DIRECTION('',(0.,0.,-1.));
#486 = ORIENTED_EDGE('',*,*,#487,.T.);
#487 = EDGE_CURVE('',#479,#196,#488,.T.);
#488 = LINE('',#489,#490);
#489 = CARTESIAN_POINT('',(21.6,-8.5,4.2));
#490 = VECTOR('',#491,1.);
#491 = DIRECTION('',(-1.,-0.,-0.));
#492 = ORIENTED_EDGE('',*,*,#203,.F.);
#493 = ORIENTED_EDGE('',*,*,#430,.F.);
#494 = CYLINDRICAL_SURFACE('',#495,0.5);
#495 = AXIS2_PLACEMENT_3D('',#496,#497,#498);
#496 = CARTESIAN_POINT('',(21.6,-8.,4.2));
#497 = DIRECTION('',(-1.,-0.,-0.));
#498 = DIRECTION('',(0.,0.,1.));
#499 = ADVANCED_FACE('',(#500),#518,.T.);
#500 = FACE_BOUND('',#501,.T.);
#501 = EDGE_LOOP('',(#502,#510,#516,#517));
#502 = ORIENTED_EDGE('',*,*,#503,.F.);
#503 = EDGE_CURVE('',#504,#454,#506,.T.);
#504 = VERTEX_POINT('',#505);
#505 = CARTESIAN_POINT('',(21.6,1.,2.699999999969));
#506 = LINE('',#507,#508);
#507 = CARTESIAN_POINT('',(21.6,1.2,2.699999999969));
#508 = VECTOR('',#509,1.);
#509 = DIRECTION('',(0.,-1.,0.));
#510 = ORIENTED_EDGE('',*,*,#511,.T.);
#511 = EDGE_CURVE('',#504,#65,#512,.T.);
#512 = LINE('',#513,#514);
#513 = CARTESIAN_POINT('',(21.6,1.,2.699999999969));
#514 = VECTOR('',#515,1.);
#515 = DIRECTION('',(-1.,-0.,-0.));
#516 = ORIENTED_EDGE('',*,*,#64,.F.);
#517 = ORIENTED_EDGE('',*,*,#464,.F.);
#518 = PLANE('',#519);
#519 = AXIS2_PLACEMENT_3D('',#520,#521,#522);
#520 = CARTESIAN_POINT('',(21.6,1.2,2.699999999969));
#521 = DIRECTION('',(0.,0.,1.));
#522 = DIRECTION('',(0.,-1.,0.));
#523 = ADVANCED_FACE('',(#524),#542,.F.);
#524 = FACE_BOUND('',#525,.F.);
#525 = EDGE_LOOP('',(#526,#534,#540,#541));
#526 = ORIENTED_EDGE('',*,*,#527,.F.);
#527 = EDGE_CURVE('',#528,#479,#530,.T.);
#528 = VERTEX_POINT('',#529);
#529 = CARTESIAN_POINT('',(21.6,-8.5,1.7));
#530 = LINE('',#531,#532);
#531 = CARTESIAN_POINT('',(21.6,-8.5,1.7));
#532 = VECTOR('',#533,1.);
#533 = DIRECTION('',(0.,0.,1.));
#534 = ORIENTED_EDGE('',*,*,#535,.T.);
#535 = EDGE_CURVE('',#528,#188,#536,.T.);
#536 = LINE('',#537,#538);
#537 = CARTESIAN_POINT('',(21.6,-8.5,1.7));
#538 = VECTOR('',#539,1.);
#539 = DIRECTION('',(-1.,-0.,-0.));
#540 = ORIENTED_EDGE('',*,*,#195,.F.);
#541 = ORIENTED_EDGE('',*,*,#487,.F.);
#542 = PLANE('',#543);
#543 = AXIS2_PLACEMENT_3D('',#544,#545,#546);
#544 = CARTESIAN_POINT('',(21.6,-8.5,1.7));
#545 = DIRECTION('',(0.,1.,0.));
#546 = DIRECTION('',(0.,0.,1.));
#547 = ADVANCED_FACE('',(#548),#567,.T.);
#548 = FACE_BOUND('',#549,.T.);
#549 = EDGE_LOOP('',(#550,#559,#565,#566));
#550 = ORIENTED_EDGE('',*,*,#551,.T.);
#551 = EDGE_CURVE('',#504,#552,#554,.T.);
#552 = VERTEX_POINT('',#553);
#553 = CARTESIAN_POINT('',(21.6,1.2,2.499999999969));
#554 = CIRCLE('',#555,0.2);
#555 = AXIS2_PLACEMENT_3D('',#556,#557,#558);
#556 = CARTESIAN_POINT('',(21.6,1.,2.499999999969));
#557 = DIRECTION('',(-1.,-0.,-0.));
#558 = DIRECTION('',(0.,0.,-1.));
#559 = ORIENTED_EDGE('',*,*,#560,.T.);
#560 = EDGE_CURVE('',#552,#73,#561,.T.);
#561 = LINE('',#562,#563);
#562 = CARTESIAN_POINT('',(21.6,1.2,2.499999999969));
#563 = VECTOR('',#564,1.);
#564 = DIRECTION('',(-1.,-0.,-0.));
#565 = ORIENTED_EDGE('',*,*,#72,.F.);
#566 = ORIENTED_EDGE('',*,*,#511,.F.);
#567 = CYLINDRICAL_SURFACE('',#568,0.2);
#568 = AXIS2_PLACEMENT_3D('',#569,#570,#571);
#569 = CARTESIAN_POINT('',(21.6,1.,2.499999999969));
#570 = DIRECTION('',(-1.,-0.,-0.));
#571 = DIRECTION('',(0.,0.,1.));
#572 = ADVANCED_FACE('',(#573),#591,.F.);
#573 = FACE_BOUND('',#574,.F.);
#574 = EDGE_LOOP('',(#575,#583,#589,#590));
#575 = ORIENTED_EDGE('',*,*,#576,.F.);
#576 = EDGE_CURVE('',#577,#528,#579,.T.);
#577 = VERTEX_POINT('',#578);
#578 = CARTESIAN_POINT('',(21.6,-16.,1.7));
#579 = LINE('',#580,#581);
#580 = CARTESIAN_POINT('',(21.6,-16.,1.7));
#581 = VECTOR('',#582,1.);
#582 = DIRECTION('',(0.,1.,0.));
#583 = ORIENTED_EDGE('',*,*,#584,.T.);
#584 = EDGE_CURVE('',#577,#180,#585,.T.);
#585 = LINE('',#586,#587);
#586 = CARTESIAN_POINT('',(21.6,-16.,1.7));
#587 = VECTOR('',#588,1.);
#588 = DIRECTION('',(-1.,-0.,-0.));
#589 = ORIENTED_EDGE('',*,*,#187,.F.);
#590 = ORIENTED_EDGE('',*,*,#535,.F.);
#591 = PLANE('',#592);
#592 = AXIS2_PLACEMENT_3D('',#593,#594,#595);
#593 = CARTESIAN_POINT('',(21.6,-16.,1.7));
#594 = DIRECTION('',(0.,0.,-1.));
#595 = DIRECTION('',(0.,1.,0.));
#596 = ADVANCED_FACE('',(#597),#615,.T.);
#597 = FACE_BOUND('',#598,.T.);
#598 = EDGE_LOOP('',(#599,#607,#613,#614));
#599 = ORIENTED_EDGE('',*,*,#600,.F.);
#600 = EDGE_CURVE('',#601,#552,#603,.T.);
#601 = VERTEX_POINT('',#602);
#602 = CARTESIAN_POINT('',(21.6,1.2,1.7));
#603 = LINE('',#604,#605);
#604 = CARTESIAN_POINT('',(21.6,1.2,1.7));
#605 = VECTOR('',#606,1.);
#606 = DIRECTION('',(0.,0.,1.));
#607 = ORIENTED_EDGE('',*,*,#608,.T.);
#608 = EDGE_CURVE('',#601,#82,#609,.T.);
#609 = LINE('',#610,#611);
#610 = CARTESIAN_POINT('',(21.6,1.2,1.7));
#611 = VECTOR('',#612,1.);
#612 = DIRECTION('',(-1.,-0.,-0.));
#613 = ORIENTED_EDGE('',*,*,#81,.F.);
#614 = ORIENTED_EDGE('',*,*,#560,.F.);
#615 = PLANE('',#616);
#616 = AXIS2_PLACEMENT_3D('',#617,#618,#619);
#617 = CARTESIAN_POINT('',(21.6,1.2,1.7));
#618 = DIRECTION('',(0.,1.,0.));
#619 = DIRECTION('',(0.,0.,1.));
#620 = ADVANCED_FACE('',(#621),#662,.T.);
#621 = FACE_BOUND('',#622,.T.);
#622 = EDGE_LOOP('',(#623,#631,#639,#647,#655,#661));
#623 = ORIENTED_EDGE('',*,*,#624,.F.);
#624 = EDGE_CURVE('',#625,#172,#627,.T.);
#625 = VERTEX_POINT('',#626);
#626 = CARTESIAN_POINT('',(-21.3,-16.,0.));
#627 = LINE('',#628,#629);
#628 = CARTESIAN_POINT('',(-21.3,-16.,0.));
#629 = VECTOR('',#630,1.);
#630 = DIRECTION('',(1.,0.,0.));
#631 = ORIENTED_EDGE('',*,*,#632,.T.);
#632 = EDGE_CURVE('',#625,#633,#635,.T.);
#633 = VERTEX_POINT('',#634);
#634 = CARTESIAN_POINT('',(-21.3,-16.,1.7));
#635 = LINE('',#636,#637);
#636 = CARTESIAN_POINT('',(-21.3,-16.,0.));
#637 = VECTOR('',#638,1.);
#638 = DIRECTION('',(0.,0.,1.));
#639 = ORIENTED_EDGE('',*,*,#640,.T.);
#640 = EDGE_CURVE('',#633,#641,#643,.T.);
#641 = VERTEX_POINT('',#642);
#642 = CARTESIAN_POINT('',(-16.6,-16.,1.7));
#643 = LINE('',#644,#645);
#644 = CARTESIAN_POINT('',(-21.3,-16.,1.7));
#645 = VECTOR('',#646,1.);
#646 = DIRECTION('',(1.,0.,0.));
#647 = ORIENTED_EDGE('',*,*,#648,.T.);
#648 = EDGE_CURVE('',#641,#649,#651,.T.);
#649 = VERTEX_POINT('',#650);
#650 = CARTESIAN_POINT('',(16.6,-16.,1.7));
#651 = LINE('',#652,#653);
#652 = CARTESIAN_POINT('',(-21.3,-16.,1.7));
#653 = VECTOR('',#654,1.);
#654 = DIRECTION('',(1.,0.,0.));
#655 = ORIENTED_EDGE('',*,*,#656,.T.);
#656 = EDGE_CURVE('',#649,#180,#657,.T.);
#657 = LINE('',#658,#659);
#658 = CARTESIAN_POINT('',(-21.3,-16.,1.7));
#659 = VECTOR('',#660,1.);
#660 = DIRECTION('',(1.,0.,0.));
#661 = ORIENTED_EDGE('',*,*,#179,.T.);
#662 = PLANE('',#663);
#663 = AXIS2_PLACEMENT_3D('',#664,#665,#666);
#664 = CARTESIAN_POINT('',(-1.6E-16,-16.,0.85));
#665 = DIRECTION('',(0.,1.,0.));
#666 = DIRECTION('',(1.,0.,0.));
#667 = ADVANCED_FACE('',(#668),#693,.T.);
#668 = FACE_BOUND('',#669,.T.);
#669 = EDGE_LOOP('',(#670,#678,#686,#692));
#670 = ORIENTED_EDGE('',*,*,#671,.T.);
#671 = EDGE_CURVE('',#180,#672,#674,.T.);
#672 = VERTEX_POINT('',#673);
#673 = CARTESIAN_POINT('',(21.3,-16.3,1.7));
#674 = LINE('',#675,#676);
#675 = CARTESIAN_POINT('',(21.3,-16.,1.7));
#676 = VECTOR('',#677,1.);
#677 = DIRECTION('',(0.,-1.,0.));
#678 = ORIENTED_EDGE('',*,*,#679,.T.);
#679 = EDGE_CURVE('',#672,#680,#682,.T.);
#680 = VERTEX_POINT('',#681);
#681 = CARTESIAN_POINT('',(21.3,-16.3,0.));
#682 = LINE('',#683,#684);
#683 = CARTESIAN_POINT('',(21.3,-16.3,1.7));
#684 = VECTOR('',#685,1.);
#685 = DIRECTION('',(0.,0.,-1.));
#686 = ORIENTED_EDGE('',*,*,#687,.T.);
#687 = EDGE_CURVE('',#680,#172,#688,.T.);
#688 = LINE('',#689,#690);
#689 = CARTESIAN_POINT('',(21.3,-16.3,0.));
#690 = VECTOR('',#691,1.);
#691 = DIRECTION('',(0.,1.,1.1E-16));
#692 = ORIENTED_EDGE('',*,*,#179,.F.);
#693 = PLANE('',#694);
#694 = AXIS2_PLACEMENT_3D('',#695,#696,#697);
#695 = CARTESIAN_POINT('',(21.3,-16.,1.7));
#696 = DIRECTION('',(1.,0.,0.));
#697 = DIRECTION('',(0.,0.,-1.));
#698 = ADVANCED_FACE('',(#699),#717,.T.);
#699 = FACE_BOUND('',#700,.T.);
#700 = EDGE_LOOP('',(#701,#702,#710,#716));
#701 = ORIENTED_EDGE('',*,*,#179,.T.);
#702 = ORIENTED_EDGE('',*,*,#703,.T.);
#703 = EDGE_CURVE('',#172,#704,#706,.T.);
#704 = VERTEX_POINT('',#705);
#705 = CARTESIAN_POINT('',(21.6,-16.,0.));
#706 = LINE('',#707,#708);
#707 = CARTESIAN_POINT('',(21.3,-16.,0.));
#708 = VECTOR('',#709,1.);
#709 = DIRECTION('',(1.,0.,-1.1E-16));
#710 = ORIENTED_EDGE('',*,*,#711,.T.);
#711 = EDGE_CURVE('',#704,#577,#712,.T.);
#712 = LINE('',#713,#714);
#713 = CARTESIAN_POINT('',(21.6,-16.,0.));
#714 = VECTOR('',#715,1.);
#715 = DIRECTION('',(0.,0.,1.));
#716 = ORIENTED_EDGE('',*,*,#584,.T.);
#717 = PLANE('',#718);
#718 = AXIS2_PLACEMENT_3D('',#719,#720,#721);
#719 = CARTESIAN_POINT('',(21.3,-16.,0.));
#720 = DIRECTION('',(0.,-1.,0.));
#721 = DIRECTION('',(0.,0.,1.));
#722 = ADVANCED_FACE('',(#723),#741,.T.);
#723 = FACE_BOUND('',#724,.T.);
#724 = EDGE_LOOP('',(#725,#733,#739,#740));
#725 = ORIENTED_EDGE('',*,*,#726,.F.);
#726 = EDGE_CURVE('',#727,#601,#729,.T.);
#727 = VERTEX_POINT('',#728);
#728 = CARTESIAN_POINT('',(21.6,7.6,1.7));
#729 = LINE('',#730,#731);
#730 = CARTESIAN_POINT('',(21.6,7.6,1.7));
#731 = VECTOR('',#732,1.);
#732 = DIRECTION('',(0.,-1.,0.));
#733 = ORIENTED_EDGE('',*,*,#734,.T.);
#734 = EDGE_CURVE('',#727,#90,#735,.T.);
#735 = LINE('',#736,#737);
#736 = CARTESIAN_POINT('',(21.6,7.6,1.7));
#737 = VECTOR('',#738,1.);
#738 = DIRECTION('',(-1.,-0.,-0.));
#739 = ORIENTED_EDGE('',*,*,#89,.F.);
#740 = ORIENTED_EDGE('',*,*,#608,.F.);
#741 = PLANE('',#742);
#742 = AXIS2_PLACEMENT_3D('',#743,#744,#745);
#743 = CARTESIAN_POINT('',(21.6,7.6,1.7));
#744 = DIRECTION('',(0.,0.,1.));
#745 = DIRECTION('',(0.,-1.,0.));
#746 = ADVANCED_FACE('',(#747,#781),#815,.T.);
#747 = FACE_BOUND('',#748,.T.);
#748 = EDGE_LOOP('',(#749,#750,#751,#759,#767,#775));
#749 = ORIENTED_EDGE('',*,*,#624,.T.);
#750 = ORIENTED_EDGE('',*,*,#171,.T.);
#751 = ORIENTED_EDGE('',*,*,#752,.T.);
#752 = EDGE_CURVE('',#164,#753,#755,.T.);
#753 = VERTEX_POINT('',#754);
#754 = CARTESIAN_POINT('',(19.3,17.8,0.));
#755 = LINE('',#756,#757);
#756 = CARTESIAN_POINT('',(21.3,17.8,0.));
#757 = VECTOR('',#758,1.);
#758 = DIRECTION('',(-1.,0.,0.));
#759 = ORIENTED_EDGE('',*,*,#760,.T.);
#760 = EDGE_CURVE('',#753,#761,#763,.T.);
#761 = VERTEX_POINT('',#762);
#762 = CARTESIAN_POINT('',(-19.3,17.8,0.));
#763 = LINE('',#764,#765);
#764 = CARTESIAN_POINT('',(21.3,17.8,0.));
#765 = VECTOR('',#766,1.);
#766 = DIRECTION('',(-1.,0.,0.));
#767 = ORIENTED_EDGE('',*,*,#768,.T.);
#768 = EDGE_CURVE('',#761,#769,#771,.T.);
#769 = VERTEX_POINT('',#770);
#770 = CARTESIAN_POINT('',(-21.3,17.8,0.));
#771 = LINE('',#772,#773);
#772 = CARTESIAN_POINT('',(21.3,17.8,0.));
#773 = VECTOR('',#774,1.);
#774 = DIRECTION('',(-1.,0.,0.));
#775 = ORIENTED_EDGE('',*,*,#776,.T.);
#776 = EDGE_CURVE('',#769,#625,#777,.T.);
#777 = LINE('',#778,#779);
#778 = CARTESIAN_POINT('',(-21.3,17.8,0.));
#779 = VECTOR('',#780,1.);
#780 = DIRECTION('',(0.,-1.,0.));
#781 = FACE_BOUND('',#782,.F.);
#782 = EDGE_LOOP('',(#783,#793,#801,#809));
#783 = ORIENTED_EDGE('',*,*,#784,.T.);
#784 = EDGE_CURVE('',#785,#787,#789,.T.);
#785 = VERTEX_POINT('',#786);
#786 = CARTESIAN_POINT('',(-18.,14.5,0.));
#787 = VERTEX_POINT('',#788);
#788 = CARTESIAN_POINT('',(-18.,-14.5,0.));
#789 = LINE('',#790,#791);
#790 = CARTESIAN_POINT('',(-18.,14.5,0.));
#791 = VECTOR('',#792,1.);
#792 = DIRECTION('',(0.,-1.,0.));
#793 = ORIENTED_EDGE('',*,*,#794,.T.);
#794 = EDGE_CURVE('',#787,#795,#797,.T.);
#795 = VERTEX_POINT('',#796);
#796 = CARTESIAN_POINT('',(18.,-14.5,0.));
#797 = LINE('',#798,#799);
#798 = CARTESIAN_POINT('',(-18.,-14.5,0.));
#799 = VECTOR('',#800,1.);
#800 = DIRECTION('',(1.,0.,0.));
#801 = ORIENTED_EDGE('',*,*,#802,.T.);
#802 = EDGE_CURVE('',#795,#803,#805,.T.);
#803 = VERTEX_POINT('',#804);
#804 = CARTESIAN_POINT('',(18.,14.5,0.));
#805 = LINE('',#806,#807);
#806 = CARTESIAN_POINT('',(18.,-14.5,0.));
#807 = VECTOR('',#808,1.);
#808 = DIRECTION('',(0.,1.,0.));
#809 = ORIENTED_EDGE('',*,*,#810,.T.);
#810 = EDGE_CURVE('',#803,#785,#811,.T.);
#811 = LINE('',#812,#813);
#812 = CARTESIAN_POINT('',(18.,14.5,0.));
#813 = VECTOR('',#814,1.);
#814 = DIRECTION('',(-1.,0.,0.));
#815 = PLANE('',#816);
#816 = AXIS2_PLACEMENT_3D('',#817,#818,#819);
#817 = CARTESIAN_POINT('',(2.01E-15,0.486280056577,0.));
#818 = DIRECTION('',(0.,0.,1.));
#819 = DIRECTION('',(1.,0.,0.));
#820 = ADVANCED_FACE('',(#821),#839,.T.);
#821 = FACE_BOUND('',#822,.T.);
#822 = EDGE_LOOP('',(#823,#831,#837,#838));
#823 = ORIENTED_EDGE('',*,*,#824,.F.);
#824 = EDGE_CURVE('',#825,#727,#827,.T.);
#825 = VERTEX_POINT('',#826);
#826 = CARTESIAN_POINT('',(21.6,7.6,2.7));
#827 = LINE('',#828,#829);
#828 = CARTESIAN_POINT('',(21.6,7.6,2.7));
#829 = VECTOR('',#830,1.);
#830 = DIRECTION('',(0.,0.,-1.));
#831 = ORIENTED_EDGE('',*,*,#832,.T.);
#832 = EDGE_CURVE('',#825,#98,#833,.T.);
#833 = LINE('',#834,#835);
#834 = CARTESIAN_POINT('',(21.6,7.6,2.7));
#835 = VECTOR('',#836,1.);
#836 = DIRECTION('',(-1.,-0.,-0.));
#837 = ORIENTED_EDGE('',*,*,#97,.F.);
#838 = ORIENTED_EDGE('',*,*,#734,.F.);
#839 = PLANE('',#840);
#840 = AXIS2_PLACEMENT_3D('',#841,#842,#843);
#841 = CARTESIAN_POINT('',(21.6,7.6,2.7));
#842 = DIRECTION('',(0.,-1.,0.));
#843 = DIRECTION('',(0.,0.,-1.));
#844 = ADVANCED_FACE('',(#845),#863,.T.);
#845 = FACE_BOUND('',#846,.T.);
#846 = EDGE_LOOP('',(#847,#848,#849,#857));
#847 = ORIENTED_EDGE('',*,*,#752,.F.);
#848 = ORIENTED_EDGE('',*,*,#163,.T.);
#849 = ORIENTED_EDGE('',*,*,#850,.T.);
#850 = EDGE_CURVE('',#156,#851,#853,.T.);
#851 = VERTEX_POINT('',#852);
#852 = CARTESIAN_POINT('',(19.3,17.8,1.7));
#853 = LINE('',#854,#855);
#854 = CARTESIAN_POINT('',(21.3,17.8,1.7));
#855 = VECTOR('',#856,1.);
#856 = DIRECTION('',(-1.,0.,0.));
#857 = ORIENTED_EDGE('',*,*,#858,.F.);
#858 = EDGE_CURVE('',#753,#851,#859,.T.);
#859 = LINE('',#860,#861);
#860 = CARTESIAN_POINT('',(19.3,17.8,-0.3));
#861 = VECTOR('',#862,1.);
#862 = DIRECTION('',(0.,0.,1.));
#863 = PLANE('',#864);
#864 = AXIS2_PLACEMENT_3D('',#865,#866,#867);
#865 = CARTESIAN_POINT('',(-8.E-17,17.8,0.85));
#866 = DIRECTION('',(0.,-1.,0.));
#867 = DIRECTION('',(1.,0.,0.));
#868 = ADVANCED_FACE('',(#869),#894,.T.);
#869 = FACE_BOUND('',#870,.T.);
#870 = EDGE_LOOP('',(#871,#872,#880,#888));
#871 = ORIENTED_EDGE('',*,*,#163,.T.);
#872 = ORIENTED_EDGE('',*,*,#873,.F.);
#873 = EDGE_CURVE('',#874,#156,#876,.T.);
#874 = VERTEX_POINT('',#875);
#875 = CARTESIAN_POINT('',(21.6,17.8,1.7));
#876 = LINE('',#877,#878);
#877 = CARTESIAN_POINT('',(21.6,17.8,1.7));
#878 = VECTOR('',#879,1.);
#879 = DIRECTION('',(-1.,-0.,-0.));
#880 = ORIENTED_EDGE('',*,*,#881,.T.);
#881 = EDGE_CURVE('',#874,#882,#884,.T.);
#882 = VERTEX_POINT('',#883);
#883 = CARTESIAN_POINT('',(21.6,17.8,0.));
#884 = LINE('',#885,#886);
#885 = CARTESIAN_POINT('',(21.6,17.8,4.7));
#886 = VECTOR('',#887,1.);
#887 = DIRECTION('',(0.,0.,-1.));
#888 = ORIENTED_EDGE('',*,*,#889,.T.);
#889 = EDGE_CURVE('',#882,#164,#890,.T.);
#890 = LINE('',#891,#892);
#891 = CARTESIAN_POINT('',(21.6,17.8,0.));
#892 = VECTOR('',#893,1.);
#893 = DIRECTION('',(-1.,0.,1.1E-16));
#894 = PLANE('',#895);
#895 = AXIS2_PLACEMENT_3D('',#896,#897,#898);
#896 = CARTESIAN_POINT('',(21.3,17.8,4.7));
#897 = DIRECTION('',(0.,1.,0.));
#898 = DIRECTION('',(0.,0.,-1.));
#899 = ADVANCED_FACE('',(#900),#934,.T.);
#900 = FACE_BOUND('',#901,.T.);
#901 = EDGE_LOOP('',(#902,#903,#911,#920,#928));
#902 = ORIENTED_EDGE('',*,*,#163,.F.);
#903 = ORIENTED_EDGE('',*,*,#904,.F.);
#904 = EDGE_CURVE('',#905,#164,#907,.T.);
#905 = VERTEX_POINT('',#906);
#906 = CARTESIAN_POINT('',(21.3,17.8,-0.3));
#907 = LINE('',#908,#909);
#908 = CARTESIAN_POINT('',(21.3,17.8,-0.3));
#909 = VECTOR('',#910,1.);
#910 = DIRECTION('',(0.,0.,1.));
#911 = ORIENTED_EDGE('',*,*,#912,.T.);
#912 = EDGE_CURVE('',#905,#913,#915,.T.);
#913 = VERTEX_POINT('',#914);
#914 = CARTESIAN_POINT('',(21.3,18.1,0.));
#915 = CIRCLE('',#916,0.3);
#916 = AXIS2_PLACEMENT_3D('',#917,#918,#919);
#917 = CARTESIAN_POINT('',(21.3,17.8,0.));
#918 = DIRECTION('',(1.,-0.,0.));
#919 = DIRECTION('',(0.,0.,-1.));
#920 = ORIENTED_EDGE('',*,*,#921,.T.);
#921 = EDGE_CURVE('',#913,#922,#924,.T.);
#922 = VERTEX_POINT('',#923);
#923 = CARTESIAN_POINT('',(21.3,18.1,1.7));
#924 = LINE('',#925,#926);
#925 = CARTESIAN_POINT('',(21.3,18.1,0.));
#926 = VECTOR('',#927,1.);
#927 = DIRECTION('',(0.,0.,1.));
#928 = ORIENTED_EDGE('',*,*,#929,.F.);
#929 = EDGE_CURVE('',#156,#922,#930,.T.);
#930 = LINE('',#931,#932);
#931 = CARTESIAN_POINT('',(21.3,17.8,1.7));
#932 = VECTOR('',#933,1.);
#933 = DIRECTION('',(0.,1.,0.));
#934 = PLANE('',#935);
#935 = AXIS2_PLACEMENT_3D('',#936,#937,#938);
#936 = CARTESIAN_POINT('',(21.3,1.815484746899,-9.535627497633E-02));
#937 = DIRECTION('',(1.,0.,0.));
#938 = DIRECTION('',(0.,0.,1.));
#939 = ADVANCED_FACE('',(#940),#958,.T.);
#940 = FACE_BOUND('',#941,.T.);
#941 = EDGE_LOOP('',(#942,#950,#956,#957));
#942 = ORIENTED_EDGE('',*,*,#943,.F.);
#943 = EDGE_CURVE('',#944,#825,#946,.T.);
#944 = VERTEX_POINT('',#945);
#945 = CARTESIAN_POINT('',(21.6,5.8,2.7));
#946 = LINE('',#947,#948);
#947 = CARTESIAN_POINT('',(21.6,5.3,2.7));
#948 = VECTOR('',#949,1.);
#949 = DIRECTION('',(0.,1.,0.));
#950 = ORIENTED_EDGE('',*,*,#951,.T.);
#951 = EDGE_CURVE('',#944,#106,#952,.T.);
#952 = LINE('',#953,#954);
#953 = CARTESIAN_POINT('',(21.6,5.8,2.7));
#954 = VECTOR('',#955,1.);
#955 = DIRECTION('',(-1.,-0.,-0.));
#956 = ORIENTED_EDGE('',*,*,#105,.F.);
#957 = ORIENTED_EDGE('',*,*,#832,.F.);
#958 = PLANE('',#959);
#959 = AXIS2_PLACEMENT_3D('',#960,#961,#962);
#960 = CARTESIAN_POINT('',(21.6,5.3,2.7));
#961 = DIRECTION('',(0.,0.,-1.));
#962 = DIRECTION('',(0.,1.,0.));
#963 = ADVANCED_FACE('',(#964),#982,.F.);
#964 = FACE_BOUND('',#965,.F.);
#965 = EDGE_LOOP('',(#966,#974,#980,#981));
#966 = ORIENTED_EDGE('',*,*,#967,.F.);
#967 = EDGE_CURVE('',#968,#874,#970,.T.);
#968 = VERTEX_POINT('',#969);
#969 = CARTESIAN_POINT('',(21.6,10.3,1.7));
#970 = LINE('',#971,#972);
#971 = CARTESIAN_POINT('',(21.6,10.3,1.7));
#972 = VECTOR('',#973,1.);
#973 = DIRECTION('',(0.,1.,0.));
#974 = ORIENTED_EDGE('',*,*,#975,.T.);
#975 = EDGE_CURVE('',#968,#148,#976,.T.);
#976 = LINE('',#977,#978);
#977 = CARTESIAN_POINT('',(21.6,10.3,1.7));
#978 = VECTOR('',#979,1.);
#979 = DIRECTION('',(-1.,-0.,-0.));
#980 = ORIENTED_EDGE('',*,*,#155,.F.);
#981 = ORIENTED_EDGE('',*,*,#873,.F.);
#982 = PLANE('',#983);
#983 = AXIS2_PLACEMENT_3D('',#984,#985,#986);
#984 = CARTESIAN_POINT('',(21.6,10.3,1.7));
#985 = DIRECTION('',(0.,0.,-1.));
#986 = DIRECTION('',(0.,1.,0.));
#987 = ADVANCED_FACE('',(#988),#1007,.T.);
#988 = FACE_BOUND('',#989,.F.);
#989 = EDGE_LOOP('',(#990,#999,#1000,#1001));
#990 = ORIENTED_EDGE('',*,*,#991,.T.);
#991 = EDGE_CURVE('',#992,#944,#994,.T.);
#992 = VERTEX_POINT('',#993);
#993 = CARTESIAN_POINT('',(21.6,5.3,3.2));
#994 = CIRCLE('',#995,0.5);
#995 = AXIS2_PLACEMENT_3D('',#996,#997,#998);
#996 = CARTESIAN_POINT('',(21.6,5.8,3.2));
#997 = DIRECTION('',(1.,-0.,0.));
#998 = DIRECTION('',(0.,0.,-1.));
#999 = ORIENTED_EDGE('',*,*,#951,.T.);
#1000 = ORIENTED_EDGE('',*,*,#113,.F.);
#1001 = ORIENTED_EDGE('',*,*,#1002,.F.);
#1002 = EDGE_CURVE('',#992,#114,#1003,.T.);
#1003 = LINE('',#1004,#1005);
#1004 = CARTESIAN_POINT('',(21.6,5.3,3.2));
#1005 = VECTOR('',#1006,1.);
#1006 = DIRECTION('',(-1.,-0.,-0.));
#1007 = CYLINDRICAL_SURFACE('',#1008,0.5);
#1008 = AXIS2_PLACEMENT_3D('',#1009,#1010,#1011);
#1009 = CARTESIAN_POINT('',(21.6,5.8,3.2));
#1010 = DIRECTION('',(-1.,-0.,-0.));
#1011 = DIRECTION('',(0.,-1.,0.));
#1012 = ADVANCED_FACE('',(#1013),#1031,.F.);
#1013 = FACE_BOUND('',#1014,.F.);
#1014 = EDGE_LOOP('',(#1015,#1023,#1029,#1030));
#1015 = ORIENTED_EDGE('',*,*,#1016,.F.);
#1016 = EDGE_CURVE('',#1017,#968,#1019,.T.);
#1017 = VERTEX_POINT('',#1018);
#1018 = CARTESIAN_POINT('',(21.6,10.3,4.7));
#1019 = LINE('',#1020,#1021);
#1020 = CARTESIAN_POINT('',(21.6,10.3,4.7));
#1021 = VECTOR('',#1022,1.);
#1022 = DIRECTION('',(0.,0.,-1.));
#1023 = ORIENTED_EDGE('',*,*,#1024,.T.);
#1024 = EDGE_CURVE('',#1017,#140,#1025,.T.);
#1025 = LINE('',#1026,#1027);
#1026 = CARTESIAN_POINT('',(21.6,10.3,4.7));
#1027 = VECTOR('',#1028,1.);
#1028 = DIRECTION('',(-1.,-0.,-0.));
#1029 = ORIENTED_EDGE('',*,*,#147,.F.);
#1030 = ORIENTED_EDGE('',*,*,#975,.F.);
#1031 = PLANE('',#1032);
#1032 = AXIS2_PLACEMENT_3D('',#1033,#1034,#1035);
#1033 = CARTESIAN_POINT('',(21.6,10.3,4.7));
#1034 = DIRECTION('',(0.,-1.,0.));
#1035 = DIRECTION('',(0.,0.,-1.));
#1036 = ADVANCED_FACE('',(#1037),#1055,.T.);
#1037 = FACE_BOUND('',#1038,.T.);
#1038 = EDGE_LOOP('',(#1039,#1047,#1053,#1054));
#1039 = ORIENTED_EDGE('',*,*,#1040,.F.);
#1040 = EDGE_CURVE('',#1041,#992,#1043,.T.);
#1041 = VERTEX_POINT('',#1042);
#1042 = CARTESIAN_POINT('',(21.6,5.3,4.2));
#1043 = LINE('',#1044,#1045);
#1044 = CARTESIAN_POINT('',(21.6,5.3,4.7));
#1045 = VECTOR('',#1046,1.);
#1046 = DIRECTION('',(0.,0.,-1.));
#1047 = ORIENTED_EDGE('',*,*,#1048,.T.);
#1048 = EDGE_CURVE('',#1041,#123,#1049,.T.);
#1049 = LINE('',#1050,#1051);
#1050 = CARTESIAN_POINT('',(21.6,5.3,4.2));
#1051 = VECTOR('',#1052,1.);
#1052 = DIRECTION('',(-1.,-0.,-0.));
#1053 = ORIENTED_EDGE('',*,*,#122,.F.);
#1054 = ORIENTED_EDGE('',*,*,#1002,.F.);
#1055 = PLANE('',#1056);
#1056 = AXIS2_PLACEMENT_3D('',#1057,#1058,#1059);
#1057 = CARTESIAN_POINT('',(21.6,5.3,4.7));
#1058 = DIRECTION('',(0.,-1.,0.));
#1059 = DIRECTION('',(0.,0.,-1.));
#1060 = ADVANCED_FACE('',(#1061),#1079,.T.);
#1061 = FACE_BOUND('',#1062,.T.);
#1062 = EDGE_LOOP('',(#1063,#1064,#1072,#1078));
#1063 = ORIENTED_EDGE('',*,*,#139,.F.);
#1064 = ORIENTED_EDGE('',*,*,#1065,.F.);
#1065 = EDGE_CURVE('',#1066,#131,#1068,.T.);
#1066 = VERTEX_POINT('',#1067);
#1067 = CARTESIAN_POINT('',(21.6,5.8,4.7));
#1068 = LINE('',#1069,#1070);
#1069 = CARTESIAN_POINT('',(21.6,5.8,4.7));
#1070 = VECTOR('',#1071,1.);
#1071 = DIRECTION('',(-1.,-0.,-0.));
#1072 = ORIENTED_EDGE('',*,*,#1073,.T.);
#1073 = EDGE_CURVE('',#1066,#1017,#1074,.T.);
#1074 = LINE('',#1075,#1076);
#1075 = CARTESIAN_POINT('',(21.6,-16.,4.7));
#1076 = VECTOR('',#1077,1.);
#1077 = DIRECTION('',(0.,1.,0.));
#1078 = ORIENTED_EDGE('',*,*,#1024,.T.);
#1079 = PLANE('',#1080);
#1080 = AXIS2_PLACEMENT_3D('',#1081,#1082,#1083);
#1081 = CARTESIAN_POINT('',(21.3,-16.,4.7));
#1082 = DIRECTION('',(0.,0.,1.));
#1083 = DIRECTION('',(0.,1.,0.));
#1084 = ADVANCED_FACE('',(#1085),#1097,.T.);
#1085 = FACE_BOUND('',#1086,.F.);
#1086 = EDGE_LOOP('',(#1087,#1094,#1095,#1096));
#1087 = ORIENTED_EDGE('',*,*,#1088,.T.);
#1088 = EDGE_CURVE('',#1066,#1041,#1089,.T.);
#1089 = CIRCLE('',#1090,0.5);
#1090 = AXIS2_PLACEMENT_3D('',#1091,#1092,#1093);
#1091 = CARTESIAN_POINT('',(21.6,5.8,4.2));
#1092 = DIRECTION('',(1.,-0.,0.));
#1093 = DIRECTION('',(0.,0.,-1.));
#1094 = ORIENTED_EDGE('',*,*,#1048,.T.);
#1095 = ORIENTED_EDGE('',*,*,#130,.F.);
#1096 = ORIENTED_EDGE('',*,*,#1065,.F.);
#1097 = CYLINDRICAL_SURFACE('',#1098,0.5);
#1098 = AXIS2_PLACEMENT_3D('',#1099,#1100,#1101);
#1099 = CARTESIAN_POINT('',(21.6,5.8,4.2));
#1100 = DIRECTION('',(-1.,-0.,-0.));
#1101 = DIRECTION('',(0.,0.,1.));
#1102 = ADVANCED_FACE('',(#1103),#1137,.F.);
#1103 = FACE_BOUND('',#1104,.F.);
#1104 = EDGE_LOOP('',(#1105,#1106,#1107,#1108,#1109,#1110,#1111,#1112,
    #1113,#1114,#1115,#1116,#1117,#1118,#1119,#1120,#1121,#1122,#1123,
    #1129,#1130,#1131,#1132,#1133,#1134,#1135,#1136));
#1105 = ORIENTED_EDGE('',*,*,#252,.F.);
#1106 = ORIENTED_EDGE('',*,*,#308,.F.);
#1107 = ORIENTED_EDGE('',*,*,#356,.F.);
#1108 = ORIENTED_EDGE('',*,*,#405,.F.);
#1109 = ORIENTED_EDGE('',*,*,#453,.F.);
#1110 = ORIENTED_EDGE('',*,*,#503,.F.);
#1111 = ORIENTED_EDGE('',*,*,#551,.T.);
#1112 = ORIENTED_EDGE('',*,*,#600,.F.);
#1113 = ORIENTED_EDGE('',*,*,#726,.F.);
#1114 = ORIENTED_EDGE('',*,*,#824,.F.);
#1115 = ORIENTED_EDGE('',*,*,#943,.F.);
#1116 = ORIENTED_EDGE('',*,*,#991,.F.);
#1117 = ORIENTED_EDGE('',*,*,#1040,.F.);
#1118 = ORIENTED_EDGE('',*,*,#1088,.F.);
#1119 = ORIENTED_EDGE('',*,*,#1073,.T.);
#1120 = ORIENTED_EDGE('',*,*,#1016,.T.);
#1121 = ORIENTED_EDGE('',*,*,#967,.T.);
#1122 = ORIENTED_EDGE('',*,*,#881,.T.);
#1123 = ORIENTED_EDGE('',*,*,#1124,.F.);
#1124 = EDGE_CURVE('',#704,#882,#1125,.T.);
#1125 = LINE('',#1126,#1127);
#1126 = CARTESIAN_POINT('',(21.6,-16.,0.));
#1127 = VECTOR('',#1128,1.);
#1128 = DIRECTION('',(0.,1.,0.));
#1129 = ORIENTED_EDGE('',*,*,#711,.T.);
#1130 = ORIENTED_EDGE('',*,*,#576,.T.);
#1131 = ORIENTED_EDGE('',*,*,#527,.T.);
#1132 = ORIENTED_EDGE('',*,*,#478,.F.);
#1133 = ORIENTED_EDGE('',*,*,#438,.T.);
#1134 = ORIENTED_EDGE('',*,*,#380,.T.);
#1135 = ORIENTED_EDGE('',*,*,#332,.F.);
#1136 = ORIENTED_EDGE('',*,*,#283,.F.);
#1137 = PLANE('',#1138);
#1138 = AXIS2_PLACEMENT_3D('',#1139,#1140,#1141);
#1139 = CARTESIAN_POINT('',(21.6,0.9,2.35));
#1140 = DIRECTION('',(-1.,0.,0.));
#1141 = DIRECTION('',(0.,0.,1.));
#1142 = ADVANCED_FACE('',(#1143),#1361,.T.);
#1143 = FACE_BOUND('',#1144,.T.);
#1144 = EDGE_LOOP('',(#1145,#1155,#1164,#1172,#1181,#1189,#1195,#1196,
    #1197,#1205,#1213,#1221,#1230,#1238,#1247,#1255,#1264,#1272,#1280,
    #1288,#1296,#1305,#1313,#1322,#1330,#1338,#1346,#1354));
#1145 = ORIENTED_EDGE('',*,*,#1146,.T.);
#1146 = EDGE_CURVE('',#1147,#1149,#1151,.T.);
#1147 = VERTEX_POINT('',#1148);
#1148 = CARTESIAN_POINT('',(-21.3,-3.5,3.2));
#1149 = VERTEX_POINT('',#1150);
#1150 = CARTESIAN_POINT('',(-21.3,-3.5,4.2));
#1151 = LINE('',#1152,#1153);
#1152 = CARTESIAN_POINT('',(-21.3,-3.5,3.525));
#1153 = VECTOR('',#1154,1.);
#1154 = DIRECTION('',(0.,0.,1.));
#1155 = ORIENTED_EDGE('',*,*,#1156,.F.);
#1156 = EDGE_CURVE('',#1157,#1149,#1159,.T.);
#1157 = VERTEX_POINT('',#1158);
#1158 = CARTESIAN_POINT('',(-21.3,-4.,4.7));
#1159 = CIRCLE('',#1160,0.5);
#1160 = AXIS2_PLACEMENT_3D('',#1161,#1162,#1163);
#1161 = CARTESIAN_POINT('',(-21.3,-4.,4.2));
#1162 = DIRECTION('',(-1.,0.,0.));
#1163 = DIRECTION('',(0.,0.,1.));
#1164 = ORIENTED_EDGE('',*,*,#1165,.T.);
#1165 = EDGE_CURVE('',#1157,#1166,#1168,.T.);
#1166 = VERTEX_POINT('',#1167);
#1167 = CARTESIAN_POINT('',(-21.3,-8.,4.7));
#1168 = LINE('',#1169,#1170);
#1169 = CARTESIAN_POINT('',(-21.3,17.8,4.7));
#1170 = VECTOR('',#1171,1.);
#1171 = DIRECTION('',(0.,-1.,0.));
#1172 = ORIENTED_EDGE('',*,*,#1173,.T.);
#1173 = EDGE_CURVE('',#1166,#1174,#1176,.T.);
#1174 = VERTEX_POINT('',#1175);
#1175 = CARTESIAN_POINT('',(-21.3,-8.5,4.2));
#1176 = CIRCLE('',#1177,0.5);
#1177 = AXIS2_PLACEMENT_3D('',#1178,#1179,#1180);
#1178 = CARTESIAN_POINT('',(-21.3,-8.,4.2));
#1179 = DIRECTION('',(1.,0.,-0.));
#1180 = DIRECTION('',(0.,0.,1.));
#1181 = ORIENTED_EDGE('',*,*,#1182,.F.);
#1182 = EDGE_CURVE('',#1183,#1174,#1185,.T.);
#1183 = VERTEX_POINT('',#1184);
#1184 = CARTESIAN_POINT('',(-21.3,-8.5,1.7));
#1185 = LINE('',#1186,#1187);
#1186 = CARTESIAN_POINT('',(-21.3,-8.5,3.525));
#1187 = VECTOR('',#1188,1.);
#1188 = DIRECTION('',(0.,0.,1.));
#1189 = ORIENTED_EDGE('',*,*,#1190,.F.);
#1190 = EDGE_CURVE('',#633,#1183,#1191,.T.);
#1191 = LINE('',#1192,#1193);
#1192 = CARTESIAN_POINT('',(-21.3,-3.8,1.7));
#1193 = VECTOR('',#1194,1.);
#1194 = DIRECTION('',(0.,1.,0.));
#1195 = ORIENTED_EDGE('',*,*,#632,.F.);
#1196 = ORIENTED_EDGE('',*,*,#776,.F.);
#1197 = ORIENTED_EDGE('',*,*,#1198,.F.);
#1198 = EDGE_CURVE('',#1199,#769,#1201,.T.);
#1199 = VERTEX_POINT('',#1200);
#1200 = CARTESIAN_POINT('',(-21.3,17.8,1.7));
#1201 = LINE('',#1202,#1203);
#1202 = CARTESIAN_POINT('',(-21.3,17.8,1.7));
#1203 = VECTOR('',#1204,1.);
#1204 = DIRECTION('',(0.,0.,-1.));
#1205 = ORIENTED_EDGE('',*,*,#1206,.F.);
#1206 = EDGE_CURVE('',#1207,#1199,#1209,.T.);
#1207 = VERTEX_POINT('',#1208);
#1208 = CARTESIAN_POINT('',(-21.3,10.3,1.7));
#1209 = LINE('',#1210,#1211);
#1210 = CARTESIAN_POINT('',(-21.3,9.35,1.7));
#1211 = VECTOR('',#1212,1.);
#1212 = DIRECTION('',(0.,1.,0.));
#1213 = ORIENTED_EDGE('',*,*,#1214,.F.);
#1214 = EDGE_CURVE('',#1215,#1207,#1217,.T.);
#1215 = VERTEX_POINT('',#1216);
#1216 = CARTESIAN_POINT('',(-21.3,10.3,4.2));
#1217 = LINE('',#1218,#1219);
#1218 = CARTESIAN_POINT('',(-21.3,10.3,2.025));
#1219 = VECTOR('',#1220,1.);
#1220 = DIRECTION('',(0.,0.,-1.));
#1221 = ORIENTED_EDGE('',*,*,#1222,.F.);
#1222 = EDGE_CURVE('',#1223,#1215,#1225,.T.);
#1223 = VERTEX_POINT('',#1224);
#1224 = CARTESIAN_POINT('',(-21.3,9.8,4.7));
#1225 = CIRCLE('',#1226,0.5);
#1226 = AXIS2_PLACEMENT_3D('',#1227,#1228,#1229);
#1227 = CARTESIAN_POINT('',(-21.3,9.8,4.2));
#1228 = DIRECTION('',(-1.,0.,0.));
#1229 = DIRECTION('',(0.,0.,1.));
#1230 = ORIENTED_EDGE('',*,*,#1231,.T.);
#1231 = EDGE_CURVE('',#1223,#1232,#1234,.T.);
#1232 = VERTEX_POINT('',#1233);
#1233 = CARTESIAN_POINT('',(-21.3,5.8,4.7));
#1234 = LINE('',#1235,#1236);
#1235 = CARTESIAN_POINT('',(-21.3,17.8,4.7));
#1236 = VECTOR('',#1237,1.);
#1237 = DIRECTION('',(0.,-1.,0.));
#1238 = ORIENTED_EDGE('',*,*,#1239,.F.);
#1239 = EDGE_CURVE('',#1240,#1232,#1242,.T.);
#1240 = VERTEX_POINT('',#1241);
#1241 = CARTESIAN_POINT('',(-21.3,5.3,4.2));
#1242 = CIRCLE('',#1243,0.5);
#1243 = AXIS2_PLACEMENT_3D('',#1244,#1245,#1246);
#1244 = CARTESIAN_POINT('',(-21.3,5.8,4.2));
#1245 = DIRECTION('',(-1.,0.,0.));
#1246 = DIRECTION('',(0.,0.,1.));
#1247 = ORIENTED_EDGE('',*,*,#1248,.T.);
#1248 = EDGE_CURVE('',#1240,#1249,#1251,.T.);
#1249 = VERTEX_POINT('',#1250);
#1250 = CARTESIAN_POINT('',(-21.3,5.3,3.2));
#1251 = LINE('',#1252,#1253);
#1252 = CARTESIAN_POINT('',(-21.3,5.3,2.525));
#1253 = VECTOR('',#1254,1.);
#1254 = DIRECTION('',(0.,0.,-1.));
#1255 = ORIENTED_EDGE('',*,*,#1256,.T.);
#1256 = EDGE_CURVE('',#1249,#1257,#1259,.T.);
#1257 = VERTEX_POINT('',#1258);
#1258 = CARTESIAN_POINT('',(-21.3,5.8,2.7));
#1259 = CIRCLE('',#1260,0.5);
#1260 = AXIS2_PLACEMENT_3D('',#1261,#1262,#1263);
#1261 = CARTESIAN_POINT('',(-21.3,5.8,3.2));
#1262 = DIRECTION('',(1.,0.,-0.));
#1263 = DIRECTION('',(0.,0.,1.));
#1264 = ORIENTED_EDGE('',*,*,#1265,.T.);
#1265 = EDGE_CURVE('',#1257,#1266,#1268,.T.);
#1266 = VERTEX_POINT('',#1267);
#1267 = CARTESIAN_POINT('',(-21.3,7.8,2.7));
#1268 = LINE('',#1269,#1270);
#1269 = CARTESIAN_POINT('',(-21.3,4.35,2.7));
#1270 = VECTOR('',#1271,1.);
#1271 = DIRECTION('',(0.,1.,0.));
#1272 = ORIENTED_EDGE('',*,*,#1273,.T.);
#1273 = EDGE_CURVE('',#1266,#1274,#1276,.T.);
#1274 = VERTEX_POINT('',#1275);
#1275 = CARTESIAN_POINT('',(-21.3,7.8,1.7));
#1276 = LINE('',#1277,#1278);
#1277 = CARTESIAN_POINT('',(-21.3,7.8,2.025));
#1278 = VECTOR('',#1279,1.);
#1279 = DIRECTION('',(0.,0.,-1.));
#1280 = ORIENTED_EDGE('',*,*,#1281,.T.);
#1281 = EDGE_CURVE('',#1274,#1282,#1284,.T.);
#1282 = VERTEX_POINT('',#1283);
#1283 = CARTESIAN_POINT('',(-21.3,1.2,1.7));
#1284 = LINE('',#1285,#1286);
#1285 = CARTESIAN_POINT('',(-21.3,1.05,1.7));
#1286 = VECTOR('',#1287,1.);
#1287 = DIRECTION('',(0.,-1.,0.));
#1288 = ORIENTED_EDGE('',*,*,#1289,.T.);
#1289 = EDGE_CURVE('',#1282,#1290,#1292,.T.);
#1290 = VERTEX_POINT('',#1291);
#1291 = CARTESIAN_POINT('',(-21.3,1.2,2.5));
#1292 = LINE('',#1293,#1294);
#1293 = CARTESIAN_POINT('',(-21.3,1.2,2.525));
#1294 = VECTOR('',#1295,1.);
#1295 = DIRECTION('',(0.,0.,1.));
#1296 = ORIENTED_EDGE('',*,*,#1297,.F.);
#1297 = EDGE_CURVE('',#1298,#1290,#1300,.T.);
#1298 = VERTEX_POINT('',#1299);
#1299 = CARTESIAN_POINT('',(-21.3,1.,2.7));
#1300 = CIRCLE('',#1301,0.2);
#1301 = AXIS2_PLACEMENT_3D('',#1302,#1303,#1304);
#1302 = CARTESIAN_POINT('',(-21.3,1.,2.5));
#1303 = DIRECTION('',(-1.,0.,0.));
#1304 = DIRECTION('',(0.,0.,1.));
#1305 = ORIENTED_EDGE('',*,*,#1306,.T.);
#1306 = EDGE_CURVE('',#1298,#1307,#1309,.T.);
#1307 = VERTEX_POINT('',#1308);
#1308 = CARTESIAN_POINT('',(-21.3,0.8,2.7));
#1309 = LINE('',#1310,#1311);
#1310 = CARTESIAN_POINT('',(-21.3,0.75,2.7));
#1311 = VECTOR('',#1312,1.);
#1312 = DIRECTION('',(0.,-1.,0.));
#1313 = ORIENTED_EDGE('',*,*,#1314,.F.);
#1314 = EDGE_CURVE('',#1315,#1307,#1317,.T.);
#1315 = VERTEX_POINT('',#1316);
#1316 = CARTESIAN_POINT('',(-21.3,0.6,2.5));
#1317 = CIRCLE('',#1318,0.2);
#1318 = AXIS2_PLACEMENT_3D('',#1319,#1320,#1321);
#1319 = CARTESIAN_POINT('',(-21.3,0.8,2.5));
#1320 = DIRECTION('',(-1.,0.,0.));
#1321 = DIRECTION('',(0.,0.,1.));
#1322 = ORIENTED_EDGE('',*,*,#1323,.T.);
#1323 = EDGE_CURVE('',#1315,#1324,#1326,.T.);
#1324 = VERTEX_POINT('',#1325);
#1325 = CARTESIAN_POINT('',(-21.3,0.6,1.7));
#1326 = LINE('',#1327,#1328);
#1327 = CARTESIAN_POINT('',(-21.3,0.6,2.025));
#1328 = VECTOR('',#1329,1.);
#1329 = DIRECTION('',(0.,0.,-1.));
#1330 = ORIENTED_EDGE('',*,*,#1331,.T.);
#1331 = EDGE_CURVE('',#1324,#1332,#1334,.T.);
#1332 = VERTEX_POINT('',#1333);
#1333 = CARTESIAN_POINT('',(-21.3,-6.,1.7));
#1334 = LINE('',#1335,#1336);
#1335 = CARTESIAN_POINT('',(-21.3,-2.55,1.7));
#1336 = VECTOR('',#1337,1.);
#1337 = DIRECTION('',(0.,-1.,0.));
#1338 = ORIENTED_EDGE('',*,*,#1339,.T.);
#1339 = EDGE_CURVE('',#1332,#1340,#1342,.T.);
#1340 = VERTEX_POINT('',#1341);
#1341 = CARTESIAN_POINT('',(-21.3,-6.,2.7));
#1342 = LINE('',#1343,#1344);
#1343 = CARTESIAN_POINT('',(-21.3,-6.,2.525));
#1344 = VECTOR('',#1345,1.);
#1345 = DIRECTION('',(0.,0.,1.));
#1346 = ORIENTED_EDGE('',*,*,#1347,.T.);
#1347 = EDGE_CURVE('',#1340,#1348,#1350,.T.);
#1348 = VERTEX_POINT('',#1349);
#1349 = CARTESIAN_POINT('',(-21.3,-4.,2.7));
#1350 = LINE('',#1351,#1352);
#1351 = CARTESIAN_POINT('',(-21.3,-1.3,2.7));
#1352 = VECTOR('',#1353,1.);
#1353 = DIRECTION('',(0.,1.,0.));
#1354 = ORIENTED_EDGE('',*,*,#1355,.F.);
#1355 = EDGE_CURVE('',#1147,#1348,#1356,.T.);
#1356 = CIRCLE('',#1357,0.5);
#1357 = AXIS2_PLACEMENT_3D('',#1358,#1359,#1360);
#1358 = CARTESIAN_POINT('',(-21.3,-4.,3.2));
#1359 = DIRECTION('',(-1.,0.,0.));
#1360 = DIRECTION('',(0.,0.,1.));
#1361 = PLANE('',#1362);
#1362 = AXIS2_PLACEMENT_3D('',#1363,#1364,#1365);
#1363 = CARTESIAN_POINT('',(-21.3,0.9,2.35));
#1364 = DIRECTION('',(1.,0.,0.));
#1365 = DIRECTION('',(0.,0.,-1.));
#1366 = ADVANCED_FACE('',(#1367),#1392,.T.);
#1367 = FACE_BOUND('',#1368,.T.);
#1368 = EDGE_LOOP('',(#1369,#1377,#1385,#1391));
#1369 = ORIENTED_EDGE('',*,*,#1370,.T.);
#1370 = EDGE_CURVE('',#625,#1371,#1373,.T.);
#1371 = VERTEX_POINT('',#1372);
#1372 = CARTESIAN_POINT('',(-21.3,-16.3,0.));
#1373 = LINE('',#1374,#1375);
#1374 = CARTESIAN_POINT('',(-21.3,-16.,0.));
#1375 = VECTOR('',#1376,1.);
#1376 = DIRECTION('',(0.,-1.,-1.1E-16));
#1377 = ORIENTED_EDGE('',*,*,#1378,.T.);
#1378 = EDGE_CURVE('',#1371,#1379,#1381,.T.);
#1379 = VERTEX_POINT('',#1380);
#1380 = CARTESIAN_POINT('',(-21.3,-16.3,1.7));
#1381 = LINE('',#1382,#1383);
#1382 = CARTESIAN_POINT('',(-21.3,-16.3,0.));
#1383 = VECTOR('',#1384,1.);
#1384 = DIRECTION('',(0.,0.,1.));
#1385 = ORIENTED_EDGE('',*,*,#1386,.F.);
#1386 = EDGE_CURVE('',#633,#1379,#1387,.T.);
#1387 = LINE('',#1388,#1389);
#1388 = CARTESIAN_POINT('',(-21.3,-16.,1.7));
#1389 = VECTOR('',#1390,1.);
#1390 = DIRECTION('',(0.,-1.,0.));
#1391 = ORIENTED_EDGE('',*,*,#632,.F.);
#1392 = PLANE('',#1393);
#1393 = AXIS2_PLACEMENT_3D('',#1394,#1395,#1396);
#1394 = CARTESIAN_POINT('',(-21.3,-16.,0.));
#1395 = DIRECTION('',(-1.,-0.,0.));
#1396 = DIRECTION('',(0.,0.,1.));
#1397 = ADVANCED_FACE('',(#1398),#1423,.T.);
#1398 = FACE_BOUND('',#1399,.T.);
#1399 = EDGE_LOOP('',(#1400,#1401,#1409,#1417));
#1400 = ORIENTED_EDGE('',*,*,#632,.T.);
#1401 = ORIENTED_EDGE('',*,*,#1402,.F.);
#1402 = EDGE_CURVE('',#1403,#633,#1405,.T.);
#1403 = VERTEX_POINT('',#1404);
#1404 = CARTESIAN_POINT('',(-21.6,-16.,1.7));
#1405 = LINE('',#1406,#1407);
#1406 = CARTESIAN_POINT('',(-21.6,-16.,1.7));
#1407 = VECTOR('',#1408,1.);
#1408 = DIRECTION('',(1.,0.,0.));
#1409 = ORIENTED_EDGE('',*,*,#1410,.T.);
#1410 = EDGE_CURVE('',#1403,#1411,#1413,.T.);
#1411 = VERTEX_POINT('',#1412);
#1412 = CARTESIAN_POINT('',(-21.6,-16.,0.));
#1413 = LINE('',#1414,#1415);
#1414 = CARTESIAN_POINT('',(-21.6,-16.,4.7));
#1415 = VECTOR('',#1416,1.);
#1416 = DIRECTION('',(0.,0.,-1.));
#1417 = ORIENTED_EDGE('',*,*,#1418,.T.);
#1418 = EDGE_CURVE('',#1411,#625,#1419,.T.);
#1419 = LINE('',#1420,#1421);
#1420 = CARTESIAN_POINT('',(-21.6,-16.,0.));
#1421 = VECTOR('',#1422,1.);
#1422 = DIRECTION('',(1.,0.,1.1E-16));
#1423 = PLANE('',#1424);
#1424 = AXIS2_PLACEMENT_3D('',#1425,#1426,#1427);
#1425 = CARTESIAN_POINT('',(-21.3,-16.,4.7));
#1426 = DIRECTION('',(0.,-1.,0.));
#1427 = DIRECTION('',(0.,0.,-1.));
#1428 = ADVANCED_FACE('',(#1429),#1442,.T.);
#1429 = FACE_BOUND('',#1430,.T.);
#1430 = EDGE_LOOP('',(#1431,#1432,#1438,#1439,#1440,#1441));
#1431 = ORIENTED_EDGE('',*,*,#1386,.T.);
#1432 = ORIENTED_EDGE('',*,*,#1433,.T.);
#1433 = EDGE_CURVE('',#1379,#672,#1434,.T.);
#1434 = LINE('',#1435,#1436);
#1435 = CARTESIAN_POINT('',(-21.3,-16.3,1.7));
#1436 = VECTOR('',#1437,1.);
#1437 = DIRECTION('',(1.,0.,0.));
#1438 = ORIENTED_EDGE('',*,*,#671,.F.);
#1439 = ORIENTED_EDGE('',*,*,#656,.F.);
#1440 = ORIENTED_EDGE('',*,*,#648,.F.);
#1441 = ORIENTED_EDGE('',*,*,#640,.F.);
#1442 = PLANE('',#1443);
#1443 = AXIS2_PLACEMENT_3D('',#1444,#1445,#1446);
#1444 = CARTESIAN_POINT('',(-21.3,-16.,1.7));
#1445 = DIRECTION('',(0.,0.,1.));
#1446 = DIRECTION('',(1.,0.,0.));
#1447 = ADVANCED_FACE('',(#1448),#1466,.F.);
#1448 = FACE_BOUND('',#1449,.F.);
#1449 = EDGE_LOOP('',(#1450,#1459,#1460));
#1450 = ORIENTED_EDGE('',*,*,#1451,.T.);
#1451 = EDGE_CURVE('',#1452,#680,#1454,.T.);
#1452 = VERTEX_POINT('',#1453);
#1453 = CARTESIAN_POINT('',(21.3,-16.,-0.3));
#1454 = CIRCLE('',#1455,0.3);
#1455 = AXIS2_PLACEMENT_3D('',#1456,#1457,#1458);
#1456 = CARTESIAN_POINT('',(21.3,-16.,0.));
#1457 = DIRECTION('',(-1.,-0.,-0.));
#1458 = DIRECTION('',(0.,0.,-1.));
#1459 = ORIENTED_EDGE('',*,*,#687,.T.);
#1460 = ORIENTED_EDGE('',*,*,#1461,.T.);
#1461 = EDGE_CURVE('',#172,#1452,#1462,.T.);
#1462 = LINE('',#1463,#1464);
#1463 = CARTESIAN_POINT('',(21.3,-16.,0.));
#1464 = VECTOR('',#1465,1.);
#1465 = DIRECTION('',(-0.,-0.,-1.));
#1466 = PLANE('',#1467);
#1467 = AXIS2_PLACEMENT_3D('',#1468,#1469,#1470);
#1468 = CARTESIAN_POINT('',(21.3,-16.,0.));
#1469 = DIRECTION('',(-1.,-0.,-0.));
#1470 = DIRECTION('',(0.,0.,-1.));
#1471 = ADVANCED_FACE('',(#1472),#1483,.F.);
#1472 = FACE_BOUND('',#1473,.F.);
#1473 = EDGE_LOOP('',(#1474,#1480,#1481,#1482));
#1474 = ORIENTED_EDGE('',*,*,#1475,.F.);
#1475 = EDGE_CURVE('',#1371,#680,#1476,.T.);
#1476 = LINE('',#1477,#1478);
#1477 = CARTESIAN_POINT('',(-21.3,-16.3,0.));
#1478 = VECTOR('',#1479,1.);
#1479 = DIRECTION('',(1.,0.,0.));
#1480 = ORIENTED_EDGE('',*,*,#1378,.T.);
#1481 = ORIENTED_EDGE('',*,*,#1433,.T.);
#1482 = ORIENTED_EDGE('',*,*,#679,.T.);
#1483 = PLANE('',#1484);
#1484 = AXIS2_PLACEMENT_3D('',#1485,#1486,#1487);
#1485 = CARTESIAN_POINT('',(-1.6E-16,-16.3,0.85));
#1486 = DIRECTION('',(0.,1.,0.));
#1487 = DIRECTION('',(1.,0.,0.));
#1488 = ADVANCED_FACE('',(#1489),#1500,.T.);
#1489 = FACE_BOUND('',#1490,.F.);
#1490 = EDGE_LOOP('',(#1491,#1498,#1499));
#1491 = ORIENTED_EDGE('',*,*,#1492,.F.);
#1492 = EDGE_CURVE('',#1452,#704,#1493,.T.);
#1493 = CIRCLE('',#1494,0.3);
#1494 = AXIS2_PLACEMENT_3D('',#1495,#1496,#1497);
#1495 = CARTESIAN_POINT('',(21.3,-16.,0.));
#1496 = DIRECTION('',(0.,-1.,0.));
#1497 = DIRECTION('',(0.,0.,-1.));
#1498 = ORIENTED_EDGE('',*,*,#1461,.F.);
#1499 = ORIENTED_EDGE('',*,*,#703,.T.);
#1500 = PLANE('',#1501);
#1501 = AXIS2_PLACEMENT_3D('',#1502,#1503,#1504);
#1502 = CARTESIAN_POINT('',(21.3,-16.,0.));
#1503 = DIRECTION('',(-0.,-1.,-0.));
#1504 = DIRECTION('',(-0.,-0.,-1.));
#1505 = ADVANCED_FACE('',(#1506),#1531,.T.);
#1506 = FACE_BOUND('',#1507,.T.);
#1507 = EDGE_LOOP('',(#1508,#1516,#1517,#1525));
#1508 = ORIENTED_EDGE('',*,*,#1509,.F.);
#1509 = EDGE_CURVE('',#761,#1510,#1512,.T.);
#1510 = VERTEX_POINT('',#1511);
#1511 = CARTESIAN_POINT('',(-19.3,17.8,-0.3));
#1512 = LINE('',#1513,#1514);
#1513 = CARTESIAN_POINT('',(-19.3,17.8,1.7));
#1514 = VECTOR('',#1515,1.);
#1515 = DIRECTION('',(0.,0.,-1.));
#1516 = ORIENTED_EDGE('',*,*,#760,.F.);
#1517 = ORIENTED_EDGE('',*,*,#1518,.F.);
#1518 = EDGE_CURVE('',#1519,#753,#1521,.T.);
#1519 = VERTEX_POINT('',#1520);
#1520 = CARTESIAN_POINT('',(19.3,17.8,-0.3));
#1521 = LINE('',#1522,#1523);
#1522 = CARTESIAN_POINT('',(19.3,17.8,-0.3));
#1523 = VECTOR('',#1524,1.);
#1524 = DIRECTION('',(0.,0.,1.));
#1525 = ORIENTED_EDGE('',*,*,#1526,.T.);
#1526 = EDGE_CURVE('',#1519,#1510,#1527,.T.);
#1527 = LINE('',#1528,#1529);
#1528 = CARTESIAN_POINT('',(21.3,17.8,-0.3));
#1529 = VECTOR('',#1530,1.);
#1530 = DIRECTION('',(-1.,0.,0.));
#1531 = PLANE('',#1532);
#1532 = AXIS2_PLACEMENT_3D('',#1533,#1534,#1535);
#1533 = CARTESIAN_POINT('',(0.,17.8,0.7));
#1534 = DIRECTION('',(0.,1.,0.));
#1535 = DIRECTION('',(0.,0.,1.));
#1536 = ADVANCED_FACE('',(#1537),#1555,.T.);
#1537 = FACE_BOUND('',#1538,.T.);
#1538 = EDGE_LOOP('',(#1539,#1540,#1548,#1554));
#1539 = ORIENTED_EDGE('',*,*,#768,.F.);
#1540 = ORIENTED_EDGE('',*,*,#1541,.F.);
#1541 = EDGE_CURVE('',#1542,#761,#1544,.T.);
#1542 = VERTEX_POINT('',#1543);
#1543 = CARTESIAN_POINT('',(-19.3,17.8,1.7));
#1544 = LINE('',#1545,#1546);
#1545 = CARTESIAN_POINT('',(-19.3,17.8,1.7));
#1546 = VECTOR('',#1547,1.);
#1547 = DIRECTION('',(0.,0.,-1.));
#1548 = ORIENTED_EDGE('',*,*,#1549,.T.);
#1549 = EDGE_CURVE('',#1542,#1199,#1550,.T.);
#1550 = LINE('',#1551,#1552);
#1551 = CARTESIAN_POINT('',(21.3,17.8,1.7));
#1552 = VECTOR('',#1553,1.);
#1553 = DIRECTION('',(-1.,0.,0.));
#1554 = ORIENTED_EDGE('',*,*,#1198,.T.);
#1555 = PLANE('',#1556);
#1556 = AXIS2_PLACEMENT_3D('',#1557,#1558,#1559);
#1557 = CARTESIAN_POINT('',(-8.E-17,17.8,0.85));
#1558 = DIRECTION('',(0.,-1.,0.));
#1559 = DIRECTION('',(1.,0.,0.));
#1560 = ADVANCED_FACE('',(#1561),#1586,.F.);
#1561 = FACE_BOUND('',#1562,.F.);
#1562 = EDGE_LOOP('',(#1563,#1571,#1579,#1585));
#1563 = ORIENTED_EDGE('',*,*,#1564,.T.);
#1564 = EDGE_CURVE('',#785,#1565,#1567,.T.);
#1565 = VERTEX_POINT('',#1566);
#1566 = CARTESIAN_POINT('',(-18.,14.5,-0.3));
#1567 = LINE('',#1568,#1569);
#1568 = CARTESIAN_POINT('',(-18.,14.5,0.));
#1569 = VECTOR('',#1570,1.);
#1570 = DIRECTION('',(-0.,-0.,-1.));
#1571 = ORIENTED_EDGE('',*,*,#1572,.T.);
#1572 = EDGE_CURVE('',#1565,#1573,#1575,.T.);
#1573 = VERTEX_POINT('',#1574);
#1574 = CARTESIAN_POINT('',(-18.,-14.5,-0.3));
#1575 = LINE('',#1576,#1577);
#1576 = CARTESIAN_POINT('',(-18.,14.5,-0.3));
#1577 = VECTOR('',#1578,1.);
#1578 = DIRECTION('',(0.,-1.,0.));
#1579 = ORIENTED_EDGE('',*,*,#1580,.F.);
#1580 = EDGE_CURVE('',#787,#1573,#1581,.T.);
#1581 = LINE('',#1582,#1583);
#1582 = CARTESIAN_POINT('',(-18.,-14.5,0.));
#1583 = VECTOR('',#1584,1.);
#1584 = DIRECTION('',(-0.,-0.,-1.));
#1585 = ORIENTED_EDGE('',*,*,#784,.F.);
#1586 = PLANE('',#1587);
#1587 = AXIS2_PLACEMENT_3D('',#1588,#1589,#1590);
#1588 = CARTESIAN_POINT('',(-18.,14.5,0.));
#1589 = DIRECTION('',(-1.,0.,0.));
#1590 = DIRECTION('',(0.,-1.,0.));
#1591 = ADVANCED_FACE('',(#1592),#1610,.F.);
#1592 = FACE_BOUND('',#1593,.F.);
#1593 = EDGE_LOOP('',(#1594,#1595,#1603,#1609));
#1594 = ORIENTED_EDGE('',*,*,#1580,.T.);
#1595 = ORIENTED_EDGE('',*,*,#1596,.T.);
#1596 = EDGE_CURVE('',#1573,#1597,#1599,.T.);
#1597 = VERTEX_POINT('',#1598);
#1598 = CARTESIAN_POINT('',(18.,-14.5,-0.3));
#1599 = LINE('',#1600,#1601);
#1600 = CARTESIAN_POINT('',(-18.,-14.5,-0.3));
#1601 = VECTOR('',#1602,1.);
#1602 = DIRECTION('',(1.,0.,0.));
#1603 = ORIENTED_EDGE('',*,*,#1604,.F.);
#1604 = EDGE_CURVE('',#795,#1597,#1605,.T.);
#1605 = LINE('',#1606,#1607);
#1606 = CARTESIAN_POINT('',(18.,-14.5,0.));
#1607 = VECTOR('',#1608,1.);
#1608 = DIRECTION('',(-0.,-0.,-1.));
#1609 = ORIENTED_EDGE('',*,*,#794,.F.);
#1610 = PLANE('',#1611);
#1611 = AXIS2_PLACEMENT_3D('',#1612,#1613,#1614);
#1612 = CARTESIAN_POINT('',(-18.,-14.5,0.));
#1613 = DIRECTION('',(0.,-1.,0.));
#1614 = DIRECTION('',(1.,0.,0.));
#1615 = ADVANCED_FACE('',(#1616),#1634,.F.);
#1616 = FACE_BOUND('',#1617,.F.);
#1617 = EDGE_LOOP('',(#1618,#1619,#1627,#1633));
#1618 = ORIENTED_EDGE('',*,*,#1604,.T.);
#1619 = ORIENTED_EDGE('',*,*,#1620,.T.);
#1620 = EDGE_CURVE('',#1597,#1621,#1623,.T.);
#1621 = VERTEX_POINT('',#1622);
#1622 = CARTESIAN_POINT('',(18.,14.5,-0.3));
#1623 = LINE('',#1624,#1625);
#1624 = CARTESIAN_POINT('',(18.,-14.5,-0.3));
#1625 = VECTOR('',#1626,1.);
#1626 = DIRECTION('',(0.,1.,0.));
#1627 = ORIENTED_EDGE('',*,*,#1628,.F.);
#1628 = EDGE_CURVE('',#803,#1621,#1629,.T.);
#1629 = LINE('',#1630,#1631);
#1630 = CARTESIAN_POINT('',(18.,14.5,0.));
#1631 = VECTOR('',#1632,1.);
#1632 = DIRECTION('',(-0.,-0.,-1.));
#1633 = ORIENTED_EDGE('',*,*,#802,.F.);
#1634 = PLANE('',#1635);
#1635 = AXIS2_PLACEMENT_3D('',#1636,#1637,#1638);
#1636 = CARTESIAN_POINT('',(18.,-14.5,0.));
#1637 = DIRECTION('',(1.,0.,0.));
#1638 = DIRECTION('',(0.,1.,0.));
#1639 = ADVANCED_FACE('',(#1640),#1651,.F.);
#1640 = FACE_BOUND('',#1641,.F.);
#1641 = EDGE_LOOP('',(#1642,#1643,#1649,#1650));
#1642 = ORIENTED_EDGE('',*,*,#1628,.T.);
#1643 = ORIENTED_EDGE('',*,*,#1644,.T.);
#1644 = EDGE_CURVE('',#1621,#1565,#1645,.T.);
#1645 = LINE('',#1646,#1647);
#1646 = CARTESIAN_POINT('',(18.,14.5,-0.3));
#1647 = VECTOR('',#1648,1.);
#1648 = DIRECTION('',(-1.,0.,0.));
#1649 = ORIENTED_EDGE('',*,*,#1564,.F.);
#1650 = ORIENTED_EDGE('',*,*,#810,.F.);
#1651 = PLANE('',#1652);
#1652 = AXIS2_PLACEMENT_3D('',#1653,#1654,#1655);
#1653 = CARTESIAN_POINT('',(18.,14.5,0.));
#1654 = DIRECTION('',(0.,1.,0.));
#1655 = DIRECTION('',(-1.,0.,0.));
#1656 = ADVANCED_FACE('',(#1657),#1684,.F.);
#1657 = FACE_BOUND('',#1658,.F.);
#1658 = EDGE_LOOP('',(#1659,#1660,#1669,#1677,#1683));
#1659 = ORIENTED_EDGE('',*,*,#1518,.F.);
#1660 = ORIENTED_EDGE('',*,*,#1661,.F.);
#1661 = EDGE_CURVE('',#1662,#1519,#1664,.T.);
#1662 = VERTEX_POINT('',#1663);
#1663 = CARTESIAN_POINT('',(19.3,18.1,0.));
#1664 = CIRCLE('',#1665,0.3);
#1665 = AXIS2_PLACEMENT_3D('',#1666,#1667,#1668);
#1666 = CARTESIAN_POINT('',(19.3,17.8,0.));
#1667 = DIRECTION('',(-1.,0.,0.));
#1668 = DIRECTION('',(0.,0.,-1.));
#1669 = ORIENTED_EDGE('',*,*,#1670,.T.);
#1670 = EDGE_CURVE('',#1662,#1671,#1673,.T.);
#1671 = VERTEX_POINT('',#1672);
#1672 = CARTESIAN_POINT('',(19.3,18.1,1.7));
#1673 = LINE('',#1674,#1675);
#1674 = CARTESIAN_POINT('',(19.3,18.1,0.275));
#1675 = VECTOR('',#1676,1.);
#1676 = DIRECTION('',(0.,1.1E-16,1.));
#1677 = ORIENTED_EDGE('',*,*,#1678,.F.);
#1678 = EDGE_CURVE('',#851,#1671,#1679,.T.);
#1679 = LINE('',#1680,#1681);
#1680 = CARTESIAN_POINT('',(19.3,17.8,1.7));
#1681 = VECTOR('',#1682,1.);
#1682 = DIRECTION('',(0.,1.,-2.2E-16));
#1683 = ORIENTED_EDGE('',*,*,#858,.F.);
#1684 = PLANE('',#1685);
#1685 = AXIS2_PLACEMENT_3D('',#1686,#1687,#1688);
#1686 = CARTESIAN_POINT('',(19.3,17.8,-0.3));
#1687 = DIRECTION('',(1.,0.,0.));
#1688 = DIRECTION('',(0.,2.2E-16,1.));
#1689 = ADVANCED_FACE('',(#1690),#1701,.T.);
#1690 = FACE_BOUND('',#1691,.T.);
#1691 = EDGE_LOOP('',(#1692,#1693,#1694,#1700));
#1692 = ORIENTED_EDGE('',*,*,#850,.F.);
#1693 = ORIENTED_EDGE('',*,*,#929,.T.);
#1694 = ORIENTED_EDGE('',*,*,#1695,.T.);
#1695 = EDGE_CURVE('',#922,#1671,#1696,.T.);
#1696 = LINE('',#1697,#1698);
#1697 = CARTESIAN_POINT('',(21.3,18.1,1.7));
#1698 = VECTOR('',#1699,1.);
#1699 = DIRECTION('',(-1.,0.,0.));
#1700 = ORIENTED_EDGE('',*,*,#1678,.F.);
#1701 = PLANE('',#1702);
#1702 = AXIS2_PLACEMENT_3D('',#1703,#1704,#1705);
#1703 = CARTESIAN_POINT('',(21.3,17.8,1.7));
#1704 = DIRECTION('',(0.,0.,1.));
#1705 = DIRECTION('',(-1.,0.,0.));
#1706 = ADVANCED_FACE('',(#1707),#1718,.F.);
#1707 = FACE_BOUND('',#1708,.F.);
#1708 = EDGE_LOOP('',(#1709,#1716,#1717));
#1709 = ORIENTED_EDGE('',*,*,#1710,.T.);
#1710 = EDGE_CURVE('',#905,#882,#1711,.T.);
#1711 = CIRCLE('',#1712,0.3);
#1712 = AXIS2_PLACEMENT_3D('',#1713,#1714,#1715);
#1713 = CARTESIAN_POINT('',(21.3,17.8,0.));
#1714 = DIRECTION('',(0.,-1.,0.));
#1715 = DIRECTION('',(0.,0.,-1.));
#1716 = ORIENTED_EDGE('',*,*,#889,.T.);
#1717 = ORIENTED_EDGE('',*,*,#904,.F.);
#1718 = PLANE('',#1719);
#1719 = AXIS2_PLACEMENT_3D('',#1720,#1721,#1722);
#1720 = CARTESIAN_POINT('',(21.3,17.8,0.));
#1721 = DIRECTION('',(-0.,-1.,-0.));
#1722 = DIRECTION('',(0.,0.,-1.));
#1723 = ADVANCED_FACE('',(#1724),#1735,.F.);
#1724 = FACE_BOUND('',#1725,.F.);
#1725 = EDGE_LOOP('',(#1726,#1732,#1733,#1734));
#1726 = ORIENTED_EDGE('',*,*,#1727,.F.);
#1727 = EDGE_CURVE('',#913,#1662,#1728,.T.);
#1728 = LINE('',#1729,#1730);
#1729 = CARTESIAN_POINT('',(21.3,18.1,0.));
#1730 = VECTOR('',#1731,1.);
#1731 = DIRECTION('',(-1.,0.,0.));
#1732 = ORIENTED_EDGE('',*,*,#921,.T.);
#1733 = ORIENTED_EDGE('',*,*,#1695,.T.);
#1734 = ORIENTED_EDGE('',*,*,#1670,.F.);
#1735 = PLANE('',#1736);
#1736 = AXIS2_PLACEMENT_3D('',#1737,#1738,#1739);
#1737 = CARTESIAN_POINT('',(-8.E-17,18.1,0.85));
#1738 = DIRECTION('',(0.,-1.,0.));
#1739 = DIRECTION('',(1.,0.,0.));
#1740 = ADVANCED_FACE('',(#1741),#1752,.T.);
#1741 = FACE_BOUND('',#1742,.F.);
#1742 = EDGE_LOOP('',(#1743,#1749,#1750,#1751));
#1743 = ORIENTED_EDGE('',*,*,#1744,.F.);
#1744 = EDGE_CURVE('',#905,#1519,#1745,.T.);
#1745 = LINE('',#1746,#1747);
#1746 = CARTESIAN_POINT('',(21.3,17.8,-0.3));
#1747 = VECTOR('',#1748,1.);
#1748 = DIRECTION('',(-1.,0.,0.));
#1749 = ORIENTED_EDGE('',*,*,#912,.T.);
#1750 = ORIENTED_EDGE('',*,*,#1727,.T.);
#1751 = ORIENTED_EDGE('',*,*,#1661,.T.);
#1752 = CYLINDRICAL_SURFACE('',#1753,0.3);
#1753 = AXIS2_PLACEMENT_3D('',#1754,#1755,#1756);
#1754 = CARTESIAN_POINT('',(21.3,17.8,0.));
#1755 = DIRECTION('',(-1.,0.,0.));
#1756 = DIRECTION('',(0.,0.,-1.));
#1757 = ADVANCED_FACE('',(#1758),#1769,.T.);
#1758 = FACE_BOUND('',#1759,.F.);
#1759 = EDGE_LOOP('',(#1760,#1761,#1762,#1763));
#1760 = ORIENTED_EDGE('',*,*,#1492,.T.);
#1761 = ORIENTED_EDGE('',*,*,#1124,.T.);
#1762 = ORIENTED_EDGE('',*,*,#1710,.F.);
#1763 = ORIENTED_EDGE('',*,*,#1764,.F.);
#1764 = EDGE_CURVE('',#1452,#905,#1765,.T.);
#1765 = LINE('',#1766,#1767);
#1766 = CARTESIAN_POINT('',(21.3,-16.,-0.3));
#1767 = VECTOR('',#1768,1.);
#1768 = DIRECTION('',(0.,1.,0.));
#1769 = CYLINDRICAL_SURFACE('',#1770,0.3);
#1770 = AXIS2_PLACEMENT_3D('',#1771,#1772,#1773);
#1771 = CARTESIAN_POINT('',(21.3,-16.,0.));
#1772 = DIRECTION('',(0.,1.,0.));
#1773 = DIRECTION('',(0.,0.,-1.));
#1774 = ADVANCED_FACE('',(#1775),#1800,.T.);
#1775 = FACE_BOUND('',#1776,.T.);
#1776 = EDGE_LOOP('',(#1777,#1787,#1793,#1794));
#1777 = ORIENTED_EDGE('',*,*,#1778,.F.);
#1778 = EDGE_CURVE('',#1779,#1781,#1783,.T.);
#1779 = VERTEX_POINT('',#1780);
#1780 = CARTESIAN_POINT('',(-21.6,-3.5,4.2));
#1781 = VERTEX_POINT('',#1782);
#1782 = CARTESIAN_POINT('',(-21.6,-3.5,3.2));
#1783 = LINE('',#1784,#1785);
#1784 = CARTESIAN_POINT('',(-21.6,-3.5,4.7));
#1785 = VECTOR('',#1786,1.);
#1786 = DIRECTION('',(0.,0.,-1.));
#1787 = ORIENTED_EDGE('',*,*,#1788,.T.);
#1788 = EDGE_CURVE('',#1779,#1149,#1789,.T.);
#1789 = LINE('',#1790,#1791);
#1790 = CARTESIAN_POINT('',(-21.6,-3.5,4.2));
#1791 = VECTOR('',#1792,1.);
#1792 = DIRECTION('',(1.,0.,0.));
#1793 = ORIENTED_EDGE('',*,*,#1146,.F.);
#1794 = ORIENTED_EDGE('',*,*,#1795,.F.);
#1795 = EDGE_CURVE('',#1781,#1147,#1796,.T.);
#1796 = LINE('',#1797,#1798);
#1797 = CARTESIAN_POINT('',(-21.6,-3.5,3.2));
#1798 = VECTOR('',#1799,1.);
#1799 = DIRECTION('',(1.,0.,0.));
#1800 = PLANE('',#1801);
#1801 = AXIS2_PLACEMENT_3D('',#1802,#1803,#1804);
#1802 = CARTESIAN_POINT('',(-21.6,-3.5,4.7));
#1803 = DIRECTION('',(0.,1.,0.));
#1804 = DIRECTION('',(0.,0.,-1.));
#1805 = ADVANCED_FACE('',(#1806),#1825,.T.);
#1806 = FACE_BOUND('',#1807,.F.);
#1807 = EDGE_LOOP('',(#1808,#1817,#1823,#1824));
#1808 = ORIENTED_EDGE('',*,*,#1809,.T.);
#1809 = EDGE_CURVE('',#1781,#1810,#1812,.T.);
#1810 = VERTEX_POINT('',#1811);
#1811 = CARTESIAN_POINT('',(-21.6,-4.,2.7));
#1812 = CIRCLE('',#1813,0.5);
#1813 = AXIS2_PLACEMENT_3D('',#1814,#1815,#1816);
#1814 = CARTESIAN_POINT('',(-21.6,-4.,3.2));
#1815 = DIRECTION('',(-1.,0.,0.));
#1816 = DIRECTION('',(0.,0.,1.));
#1817 = ORIENTED_EDGE('',*,*,#1818,.T.);
#1818 = EDGE_CURVE('',#1810,#1348,#1819,.T.);
#1819 = LINE('',#1820,#1821);
#1820 = CARTESIAN_POINT('',(-21.6,-4.,2.7));
#1821 = VECTOR('',#1822,1.);
#1822 = DIRECTION('',(1.,0.,0.));
#1823 = ORIENTED_EDGE('',*,*,#1355,.F.);
#1824 = ORIENTED_EDGE('',*,*,#1795,.F.);
#1825 = CYLINDRICAL_SURFACE('',#1826,0.5);
#1826 = AXIS2_PLACEMENT_3D('',#1827,#1828,#1829);
#1827 = CARTESIAN_POINT('',(-21.6,-4.,3.2));
#1828 = DIRECTION('',(1.,0.,0.));
#1829 = DIRECTION('',(0.,1.,0.));
#1830 = ADVANCED_FACE('',(#1831),#1850,.T.);
#1831 = FACE_BOUND('',#1832,.F.);
#1832 = EDGE_LOOP('',(#1833,#1842,#1843,#1844));
#1833 = ORIENTED_EDGE('',*,*,#1834,.T.);
#1834 = EDGE_CURVE('',#1835,#1779,#1837,.T.);
#1835 = VERTEX_POINT('',#1836);
#1836 = CARTESIAN_POINT('',(-21.6,-4.,4.7));
#1837 = CIRCLE('',#1838,0.5);
#1838 = AXIS2_PLACEMENT_3D('',#1839,#1840,#1841);
#1839 = CARTESIAN_POINT('',(-21.6,-4.,4.2));
#1840 = DIRECTION('',(-1.,0.,0.));
#1841 = DIRECTION('',(0.,0.,1.));
#1842 = ORIENTED_EDGE('',*,*,#1788,.T.);
#1843 = ORIENTED_EDGE('',*,*,#1156,.F.);
#1844 = ORIENTED_EDGE('',*,*,#1845,.F.);
#1845 = EDGE_CURVE('',#1835,#1157,#1846,.T.);
#1846 = LINE('',#1847,#1848);
#1847 = CARTESIAN_POINT('',(-21.6,-4.,4.7));
#1848 = VECTOR('',#1849,1.);
#1849 = DIRECTION('',(1.,0.,0.));
#1850 = CYLINDRICAL_SURFACE('',#1851,0.5);
#1851 = AXIS2_PLACEMENT_3D('',#1852,#1853,#1854);
#1852 = CARTESIAN_POINT('',(-21.6,-4.,4.2));
#1853 = DIRECTION('',(1.,0.,0.));
#1854 = DIRECTION('',(0.,0.,1.));
#1855 = ADVANCED_FACE('',(#1856),#1874,.T.);
#1856 = FACE_BOUND('',#1857,.T.);
#1857 = EDGE_LOOP('',(#1858,#1866,#1867,#1868));
#1858 = ORIENTED_EDGE('',*,*,#1859,.F.);
#1859 = EDGE_CURVE('',#1810,#1860,#1862,.T.);
#1860 = VERTEX_POINT('',#1861);
#1861 = CARTESIAN_POINT('',(-21.6,-6.,2.7));
#1862 = LINE('',#1863,#1864);
#1863 = CARTESIAN_POINT('',(-21.6,-3.5,2.7));
#1864 = VECTOR('',#1865,1.);
#1865 = DIRECTION('',(0.,-1.,0.));
#1866 = ORIENTED_EDGE('',*,*,#1818,.T.);
#1867 = ORIENTED_EDGE('',*,*,#1347,.F.);
#1868 = ORIENTED_EDGE('',*,*,#1869,.F.);
#1869 = EDGE_CURVE('',#1860,#1340,#1870,.T.);
#1870 = LINE('',#1871,#1872);
#1871 = CARTESIAN_POINT('',(-21.6,-6.,2.7));
#1872 = VECTOR('',#1873,1.);
#1873 = DIRECTION('',(1.,0.,0.));
#1874 = PLANE('',#1875);
#1875 = AXIS2_PLACEMENT_3D('',#1876,#1877,#1878);
#1876 = CARTESIAN_POINT('',(-21.6,-3.5,2.7));
#1877 = DIRECTION('',(0.,0.,-1.));
#1878 = DIRECTION('',(0.,-1.,0.));
#1879 = ADVANCED_FACE('',(#1880),#1898,.T.);
#1880 = FACE_BOUND('',#1881,.T.);
#1881 = EDGE_LOOP('',(#1882,#1883,#1884,#1892));
#1882 = ORIENTED_EDGE('',*,*,#1165,.F.);
#1883 = ORIENTED_EDGE('',*,*,#1845,.F.);
#1884 = ORIENTED_EDGE('',*,*,#1885,.T.);
#1885 = EDGE_CURVE('',#1835,#1886,#1888,.T.);
#1886 = VERTEX_POINT('',#1887);
#1887 = CARTESIAN_POINT('',(-21.6,-8.,4.7));
#1888 = LINE('',#1889,#1890);
#1889 = CARTESIAN_POINT('',(-21.6,17.8,4.7));
#1890 = VECTOR('',#1891,1.);
#1891 = DIRECTION('',(0.,-1.,0.));
#1892 = ORIENTED_EDGE('',*,*,#1893,.T.);
#1893 = EDGE_CURVE('',#1886,#1166,#1894,.T.);
#1894 = LINE('',#1895,#1896);
#1895 = CARTESIAN_POINT('',(-21.6,-8.,4.7));
#1896 = VECTOR('',#1897,1.);
#1897 = DIRECTION('',(1.,0.,0.));
#1898 = PLANE('',#1899);
#1899 = AXIS2_PLACEMENT_3D('',#1900,#1901,#1902);
#1900 = CARTESIAN_POINT('',(-21.3,17.8,4.7));
#1901 = DIRECTION('',(-0.,-0.,1.));
#1902 = DIRECTION('',(0.,-1.,0.));
#1903 = ADVANCED_FACE('',(#1904),#1922,.T.);
#1904 = FACE_BOUND('',#1905,.T.);
#1905 = EDGE_LOOP('',(#1906,#1914,#1915,#1916));
#1906 = ORIENTED_EDGE('',*,*,#1907,.F.);
#1907 = EDGE_CURVE('',#1860,#1908,#1910,.T.);
#1908 = VERTEX_POINT('',#1909);
#1909 = CARTESIAN_POINT('',(-21.6,-6.,1.7));
#1910 = LINE('',#1911,#1912);
#1911 = CARTESIAN_POINT('',(-21.6,-6.,2.7));
#1912 = VECTOR('',#1913,1.);
#1913 = DIRECTION('',(0.,0.,-1.));
#1914 = ORIENTED_EDGE('',*,*,#1869,.T.);
#1915 = ORIENTED_EDGE('',*,*,#1339,.F.);
#1916 = ORIENTED_EDGE('',*,*,#1917,.F.);
#1917 = EDGE_CURVE('',#1908,#1332,#1918,.T.);
#1918 = LINE('',#1919,#1920);
#1919 = CARTESIAN_POINT('',(-21.6,-6.,1.7));
#1920 = VECTOR('',#1921,1.);
#1921 = DIRECTION('',(1.,0.,0.));
#1922 = PLANE('',#1923);
#1923 = AXIS2_PLACEMENT_3D('',#1924,#1925,#1926);
#1924 = CARTESIAN_POINT('',(-21.6,-6.,2.7));
#1925 = DIRECTION('',(0.,1.,0.));
#1926 = DIRECTION('',(0.,0.,-1.));
#1927 = ADVANCED_FACE('',(#1928),#1947,.T.);
#1928 = FACE_BOUND('',#1929,.T.);
#1929 = EDGE_LOOP('',(#1930,#1939,#1945,#1946));
#1930 = ORIENTED_EDGE('',*,*,#1931,.T.);
#1931 = EDGE_CURVE('',#1886,#1932,#1934,.T.);
#1932 = VERTEX_POINT('',#1933);
#1933 = CARTESIAN_POINT('',(-21.6,-8.5,4.2));
#1934 = CIRCLE('',#1935,0.5);
#1935 = AXIS2_PLACEMENT_3D('',#1936,#1937,#1938);
#1936 = CARTESIAN_POINT('',(-21.6,-8.,4.2));
#1937 = DIRECTION('',(1.,0.,-0.));
#1938 = DIRECTION('',(0.,0.,1.));
#1939 = ORIENTED_EDGE('',*,*,#1940,.T.);
#1940 = EDGE_CURVE('',#1932,#1174,#1941,.T.);
#1941 = LINE('',#1942,#1943);
#1942 = CARTESIAN_POINT('',(-21.6,-8.5,4.2));
#1943 = VECTOR('',#1944,1.);
#1944 = DIRECTION('',(1.,0.,0.));
#1945 = ORIENTED_EDGE('',*,*,#1173,.F.);
#1946 = ORIENTED_EDGE('',*,*,#1893,.F.);
#1947 = CYLINDRICAL_SURFACE('',#1948,0.5);
#1948 = AXIS2_PLACEMENT_3D('',#1949,#1950,#1951);
#1949 = CARTESIAN_POINT('',(-21.6,-8.,4.2));
#1950 = DIRECTION('',(1.,0.,0.));
#1951 = DIRECTION('',(0.,0.,1.));
#1952 = ADVANCED_FACE('',(#1953),#1971,.T.);
#1953 = FACE_BOUND('',#1954,.T.);
#1954 = EDGE_LOOP('',(#1955,#1963,#1964,#1965));
#1955 = ORIENTED_EDGE('',*,*,#1956,.F.);
#1956 = EDGE_CURVE('',#1908,#1957,#1959,.T.);
#1957 = VERTEX_POINT('',#1958);
#1958 = CARTESIAN_POINT('',(-21.6,0.6,1.7));
#1959 = LINE('',#1960,#1961);
#1960 = CARTESIAN_POINT('',(-21.6,-6.,1.7));
#1961 = VECTOR('',#1962,1.);
#1962 = DIRECTION('',(0.,1.,0.));
#1963 = ORIENTED_EDGE('',*,*,#1917,.T.);
#1964 = ORIENTED_EDGE('',*,*,#1331,.F.);
#1965 = ORIENTED_EDGE('',*,*,#1966,.F.);
#1966 = EDGE_CURVE('',#1957,#1324,#1967,.T.);
#1967 = LINE('',#1968,#1969);
#1968 = CARTESIAN_POINT('',(-21.6,0.6,1.7));
#1969 = VECTOR('',#1970,1.);
#1970 = DIRECTION('',(1.,0.,0.));
#1971 = PLANE('',#1972);
#1972 = AXIS2_PLACEMENT_3D('',#1973,#1974,#1975);
#1973 = CARTESIAN_POINT('',(-21.6,-6.,1.7));
#1974 = DIRECTION('',(0.,0.,1.));
#1975 = DIRECTION('',(0.,1.,0.));
#1976 = ADVANCED_FACE('',(#1977),#1995,.F.);
#1977 = FACE_BOUND('',#1978,.F.);
#1978 = EDGE_LOOP('',(#1979,#1987,#1988,#1989));
#1979 = ORIENTED_EDGE('',*,*,#1980,.F.);
#1980 = EDGE_CURVE('',#1932,#1981,#1983,.T.);
#1981 = VERTEX_POINT('',#1982);
#1982 = CARTESIAN_POINT('',(-21.6,-8.5,1.7));
#1983 = LINE('',#1984,#1985);
#1984 = CARTESIAN_POINT('',(-21.6,-8.5,4.7));
#1985 = VECTOR('',#1986,1.);
#1986 = DIRECTION('',(0.,0.,-1.));
#1987 = ORIENTED_EDGE('',*,*,#1940,.T.);
#1988 = ORIENTED_EDGE('',*,*,#1182,.F.);
#1989 = ORIENTED_EDGE('',*,*,#1990,.F.);
#1990 = EDGE_CURVE('',#1981,#1183,#1991,.T.);
#1991 = LINE('',#1992,#1993);
#1992 = CARTESIAN_POINT('',(-21.6,-8.5,1.7));
#1993 = VECTOR('',#1994,1.);
#1994 = DIRECTION('',(1.,0.,0.));
#1995 = PLANE('',#1996);
#1996 = AXIS2_PLACEMENT_3D('',#1997,#1998,#1999);
#1997 = CARTESIAN_POINT('',(-21.6,-8.5,4.7));
#1998 = DIRECTION('',(0.,1.,0.));
#1999 = DIRECTION('',(0.,0.,-1.));
#2000 = ADVANCED_FACE('',(#2001),#2019,.T.);
#2001 = FACE_BOUND('',#2002,.T.);
#2002 = EDGE_LOOP('',(#2003,#2011,#2012,#2013));
#2003 = ORIENTED_EDGE('',*,*,#2004,.F.);
#2004 = EDGE_CURVE('',#1957,#2005,#2007,.T.);
#2005 = VERTEX_POINT('',#2006);
#2006 = CARTESIAN_POINT('',(-21.6,0.6,2.5));
#2007 = LINE('',#2008,#2009);
#2008 = CARTESIAN_POINT('',(-21.6,0.6,1.7));
#2009 = VECTOR('',#2010,1.);
#2010 = DIRECTION('',(0.,0.,1.));
#2011 = ORIENTED_EDGE('',*,*,#1966,.T.);
#2012 = ORIENTED_EDGE('',*,*,#1323,.F.);
#2013 = ORIENTED_EDGE('',*,*,#2014,.F.);
#2014 = EDGE_CURVE('',#2005,#1315,#2015,.T.);
#2015 = LINE('',#2016,#2017);
#2016 = CARTESIAN_POINT('',(-21.6,0.6,2.5));
#2017 = VECTOR('',#2018,1.);
#2018 = DIRECTION('',(1.,0.,0.));
#2019 = PLANE('',#2020);
#2020 = AXIS2_PLACEMENT_3D('',#2021,#2022,#2023);
#2021 = CARTESIAN_POINT('',(-21.6,0.6,1.7));
#2022 = DIRECTION('',(0.,-1.,0.));
#2023 = DIRECTION('',(0.,0.,1.));
#2024 = ADVANCED_FACE('',(#2025),#2036,.F.);
#2025 = FACE_BOUND('',#2026,.F.);
#2026 = EDGE_LOOP('',(#2027,#2033,#2034,#2035));
#2027 = ORIENTED_EDGE('',*,*,#2028,.F.);
#2028 = EDGE_CURVE('',#1981,#1403,#2029,.T.);
#2029 = LINE('',#2030,#2031);
#2030 = CARTESIAN_POINT('',(-21.6,-8.5,1.7));
#2031 = VECTOR('',#2032,1.);
#2032 = DIRECTION('',(0.,-1.,0.));
#2033 = ORIENTED_EDGE('',*,*,#1990,.T.);
#2034 = ORIENTED_EDGE('',*,*,#1190,.F.);
#2035 = ORIENTED_EDGE('',*,*,#1402,.F.);
#2036 = PLANE('',#2037);
#2037 = AXIS2_PLACEMENT_3D('',#2038,#2039,#2040);
#2038 = CARTESIAN_POINT('',(-21.6,-8.5,1.7));
#2039 = DIRECTION('',(0.,0.,-1.));
#2040 = DIRECTION('',(0.,-1.,0.));
#2041 = ADVANCED_FACE('',(#2042),#2061,.T.);
#2042 = FACE_BOUND('',#2043,.F.);
#2043 = EDGE_LOOP('',(#2044,#2053,#2059,#2060));
#2044 = ORIENTED_EDGE('',*,*,#2045,.T.);
#2045 = EDGE_CURVE('',#2005,#2046,#2048,.T.);
#2046 = VERTEX_POINT('',#2047);
#2047 = CARTESIAN_POINT('',(-21.6,0.8,2.7));
#2048 = CIRCLE('',#2049,0.2);
#2049 = AXIS2_PLACEMENT_3D('',#2050,#2051,#2052);
#2050 = CARTESIAN_POINT('',(-21.6,0.8,2.5));
#2051 = DIRECTION('',(-1.,0.,0.));
#2052 = DIRECTION('',(0.,0.,1.));
#2053 = ORIENTED_EDGE('',*,*,#2054,.T.);
#2054 = EDGE_CURVE('',#2046,#1307,#2055,.T.);
#2055 = LINE('',#2056,#2057);
#2056 = CARTESIAN_POINT('',(-21.6,0.8,2.7));
#2057 = VECTOR('',#2058,1.);
#2058 = DIRECTION('',(1.,0.,0.));
#2059 = ORIENTED_EDGE('',*,*,#1314,.F.);
#2060 = ORIENTED_EDGE('',*,*,#2014,.F.);
#2061 = CYLINDRICAL_SURFACE('',#2062,0.2);
#2062 = AXIS2_PLACEMENT_3D('',#2063,#2064,#2065);
#2063 = CARTESIAN_POINT('',(-21.6,0.8,2.5));
#2064 = DIRECTION('',(1.,0.,0.));
#2065 = DIRECTION('',(0.,-1.,0.));
#2066 = ADVANCED_FACE('',(#2067),#2085,.T.);
#2067 = FACE_BOUND('',#2068,.T.);
#2068 = EDGE_LOOP('',(#2069,#2077,#2078,#2079));
#2069 = ORIENTED_EDGE('',*,*,#2070,.F.);
#2070 = EDGE_CURVE('',#2046,#2071,#2073,.T.);
#2071 = VERTEX_POINT('',#2072);
#2072 = CARTESIAN_POINT('',(-21.6,1.,2.7));
#2073 = LINE('',#2074,#2075);
#2074 = CARTESIAN_POINT('',(-21.6,0.6,2.7));
#2075 = VECTOR('',#2076,1.);
#2076 = DIRECTION('',(0.,1.,0.));
#2077 = ORIENTED_EDGE('',*,*,#2054,.T.);
#2078 = ORIENTED_EDGE('',*,*,#1306,.F.);
#2079 = ORIENTED_EDGE('',*,*,#2080,.F.);
#2080 = EDGE_CURVE('',#2071,#1298,#2081,.T.);
#2081 = LINE('',#2082,#2083);
#2082 = CARTESIAN_POINT('',(-21.6,1.,2.7));
#2083 = VECTOR('',#2084,1.);
#2084 = DIRECTION('',(1.,0.,0.));
#2085 = PLANE('',#2086);
#2086 = AXIS2_PLACEMENT_3D('',#2087,#2088,#2089);
#2087 = CARTESIAN_POINT('',(-21.6,0.6,2.7));
#2088 = DIRECTION('',(0.,0.,1.));
#2089 = DIRECTION('',(0.,1.,0.));
#2090 = ADVANCED_FACE('',(#2091),#2110,.T.);
#2091 = FACE_BOUND('',#2092,.F.);
#2092 = EDGE_LOOP('',(#2093,#2102,#2108,#2109));
#2093 = ORIENTED_EDGE('',*,*,#2094,.T.);
#2094 = EDGE_CURVE('',#2071,#2095,#2097,.T.);
#2095 = VERTEX_POINT('',#2096);
#2096 = CARTESIAN_POINT('',(-21.6,1.2,2.5));
#2097 = CIRCLE('',#2098,0.2);
#2098 = AXIS2_PLACEMENT_3D('',#2099,#2100,#2101);
#2099 = CARTESIAN_POINT('',(-21.6,1.,2.5));
#2100 = DIRECTION('',(-1.,0.,0.));
#2101 = DIRECTION('',(0.,0.,1.));
#2102 = ORIENTED_EDGE('',*,*,#2103,.T.);
#2103 = EDGE_CURVE('',#2095,#1290,#2104,.T.);
#2104 = LINE('',#2105,#2106);
#2105 = CARTESIAN_POINT('',(-21.6,1.2,2.5));
#2106 = VECTOR('',#2107,1.);
#2107 = DIRECTION('',(1.,0.,0.));
#2108 = ORIENTED_EDGE('',*,*,#1297,.F.);
#2109 = ORIENTED_EDGE('',*,*,#2080,.F.);
#2110 = CYLINDRICAL_SURFACE('',#2111,0.2);
#2111 = AXIS2_PLACEMENT_3D('',#2112,#2113,#2114);
#2112 = CARTESIAN_POINT('',(-21.6,1.,2.5));
#2113 = DIRECTION('',(1.,0.,0.));
#2114 = DIRECTION('',(0.,0.,1.));
#2115 = ADVANCED_FACE('',(#2116),#2150,.T.);
#2116 = FACE_BOUND('',#2117,.T.);
#2117 = EDGE_LOOP('',(#2118,#2126,#2127,#2135,#2143));
#2118 = ORIENTED_EDGE('',*,*,#2119,.F.);
#2119 = EDGE_CURVE('',#769,#2120,#2122,.T.);
#2120 = VERTEX_POINT('',#2121);
#2121 = CARTESIAN_POINT('',(-21.3,17.8,-0.3));
#2122 = LINE('',#2123,#2124);
#2123 = CARTESIAN_POINT('',(-21.3,17.8,0.));
#2124 = VECTOR('',#2125,1.);
#2125 = DIRECTION('',(0.,0.,-1.));
#2126 = ORIENTED_EDGE('',*,*,#1198,.F.);
#2127 = ORIENTED_EDGE('',*,*,#2128,.T.);
#2128 = EDGE_CURVE('',#1199,#2129,#2131,.T.);
#2129 = VERTEX_POINT('',#2130);
#2130 = CARTESIAN_POINT('',(-21.3,18.1,1.7));
#2131 = LINE('',#2132,#2133);
#2132 = CARTESIAN_POINT('',(-21.3,17.8,1.7));
#2133 = VECTOR('',#2134,1.);
#2134 = DIRECTION('',(0.,1.,0.));
#2135 = ORIENTED_EDGE('',*,*,#2136,.T.);
#2136 = EDGE_CURVE('',#2129,#2137,#2139,.T.);
#2137 = VERTEX_POINT('',#2138);
#2138 = CARTESIAN_POINT('',(-21.3,18.1,0.));
#2139 = LINE('',#2140,#2141);
#2140 = CARTESIAN_POINT('',(-21.3,18.1,1.7));
#2141 = VECTOR('',#2142,1.);
#2142 = DIRECTION('',(0.,0.,-1.));
#2143 = ORIENTED_EDGE('',*,*,#2144,.F.);
#2144 = EDGE_CURVE('',#2120,#2137,#2145,.T.);
#2145 = CIRCLE('',#2146,0.3);
#2146 = AXIS2_PLACEMENT_3D('',#2147,#2148,#2149);
#2147 = CARTESIAN_POINT('',(-21.3,17.8,0.));
#2148 = DIRECTION('',(1.,-0.,0.));
#2149 = DIRECTION('',(0.,0.,-1.));
#2150 = PLANE('',#2151);
#2151 = AXIS2_PLACEMENT_3D('',#2152,#2153,#2154);
#2152 = CARTESIAN_POINT('',(-21.3,1.815484746899,-9.535627497633E-02));
#2153 = DIRECTION('',(-1.,-0.,-0.));
#2154 = DIRECTION('',(0.,0.,-1.));
#2155 = ADVANCED_FACE('',(#2156),#2181,.T.);
#2156 = FACE_BOUND('',#2157,.T.);
#2157 = EDGE_LOOP('',(#2158,#2159,#2167,#2175));
#2158 = ORIENTED_EDGE('',*,*,#1198,.T.);
#2159 = ORIENTED_EDGE('',*,*,#2160,.T.);
#2160 = EDGE_CURVE('',#769,#2161,#2163,.T.);
#2161 = VERTEX_POINT('',#2162);
#2162 = CARTESIAN_POINT('',(-21.6,17.8,0.));
#2163 = LINE('',#2164,#2165);
#2164 = CARTESIAN_POINT('',(-21.3,17.8,0.));
#2165 = VECTOR('',#2166,1.);
#2166 = DIRECTION('',(-1.,0.,-1.1E-16));
#2167 = ORIENTED_EDGE('',*,*,#2168,.T.);
#2168 = EDGE_CURVE('',#2161,#2169,#2171,.T.);
#2169 = VERTEX_POINT('',#2170);
#2170 = CARTESIAN_POINT('',(-21.6,17.8,1.7));
#2171 = LINE('',#2172,#2173);
#2172 = CARTESIAN_POINT('',(-21.6,17.8,0.));
#2173 = VECTOR('',#2174,1.);
#2174 = DIRECTION('',(0.,0.,1.));
#2175 = ORIENTED_EDGE('',*,*,#2176,.T.);
#2176 = EDGE_CURVE('',#2169,#1199,#2177,.T.);
#2177 = LINE('',#2178,#2179);
#2178 = CARTESIAN_POINT('',(-21.6,17.8,1.7));
#2179 = VECTOR('',#2180,1.);
#2180 = DIRECTION('',(1.,0.,0.));
#2181 = PLANE('',#2182);
#2182 = AXIS2_PLACEMENT_3D('',#2183,#2184,#2185);
#2183 = CARTESIAN_POINT('',(-21.3,17.8,0.));
#2184 = DIRECTION('',(0.,1.,0.));
#2185 = DIRECTION('',(0.,0.,1.));
#2186 = ADVANCED_FACE('',(#2187),#2205,.T.);
#2187 = FACE_BOUND('',#2188,.T.);
#2188 = EDGE_LOOP('',(#2189,#2197,#2198,#2199));
#2189 = ORIENTED_EDGE('',*,*,#2190,.F.);
#2190 = EDGE_CURVE('',#2095,#2191,#2193,.T.);
#2191 = VERTEX_POINT('',#2192);
#2192 = CARTESIAN_POINT('',(-21.6,1.2,1.7));
#2193 = LINE('',#2194,#2195);
#2194 = CARTESIAN_POINT('',(-21.6,1.2,2.7));
#2195 = VECTOR('',#2196,1.);
#2196 = DIRECTION('',(0.,0.,-1.));
#2197 = ORIENTED_EDGE('',*,*,#2103,.T.);
#2198 = ORIENTED_EDGE('',*,*,#1289,.F.);
#2199 = ORIENTED_EDGE('',*,*,#2200,.F.);
#2200 = EDGE_CURVE('',#2191,#1282,#2201,.T.);
#2201 = LINE('',#2202,#2203);
#2202 = CARTESIAN_POINT('',(-21.6,1.2,1.7));
#2203 = VECTOR('',#2204,1.);
#2204 = DIRECTION('',(1.,0.,0.));
#2205 = PLANE('',#2206);
#2206 = AXIS2_PLACEMENT_3D('',#2207,#2208,#2209);
#2207 = CARTESIAN_POINT('',(-21.6,1.2,2.7));
#2208 = DIRECTION('',(0.,1.,0.));
#2209 = DIRECTION('',(0.,0.,-1.));
#2210 = ADVANCED_FACE('',(#2211),#2229,.F.);
#2211 = FACE_BOUND('',#2212,.F.);
#2212 = EDGE_LOOP('',(#2213,#2221,#2222,#2223));
#2213 = ORIENTED_EDGE('',*,*,#2214,.F.);
#2214 = EDGE_CURVE('',#2169,#2215,#2217,.T.);
#2215 = VERTEX_POINT('',#2216);
#2216 = CARTESIAN_POINT('',(-21.6,10.3,1.7));
#2217 = LINE('',#2218,#2219);
#2218 = CARTESIAN_POINT('',(-21.6,17.8,1.7));
#2219 = VECTOR('',#2220,1.);
#2220 = DIRECTION('',(0.,-1.,0.));
#2221 = ORIENTED_EDGE('',*,*,#2176,.T.);
#2222 = ORIENTED_EDGE('',*,*,#1206,.F.);
#2223 = ORIENTED_EDGE('',*,*,#2224,.F.);
#2224 = EDGE_CURVE('',#2215,#1207,#2225,.T.);
#2225 = LINE('',#2226,#2227);
#2226 = CARTESIAN_POINT('',(-21.6,10.3,1.7));
#2227 = VECTOR('',#2228,1.);
#2228 = DIRECTION('',(1.,0.,0.));
#2229 = PLANE('',#2230);
#2230 = AXIS2_PLACEMENT_3D('',#2231,#2232,#2233);
#2231 = CARTESIAN_POINT('',(-21.6,17.8,1.7));
#2232 = DIRECTION('',(0.,0.,-1.));
#2233 = DIRECTION('',(0.,-1.,0.));
#2234 = ADVANCED_FACE('',(#2235),#2253,.T.);
#2235 = FACE_BOUND('',#2236,.T.);
#2236 = EDGE_LOOP('',(#2237,#2245,#2246,#2247));
#2237 = ORIENTED_EDGE('',*,*,#2238,.F.);
#2238 = EDGE_CURVE('',#2191,#2239,#2241,.T.);
#2239 = VERTEX_POINT('',#2240);
#2240 = CARTESIAN_POINT('',(-21.6,7.8,1.7));
#2241 = LINE('',#2242,#2243);
#2242 = CARTESIAN_POINT('',(-21.6,1.2,1.7));
#2243 = VECTOR('',#2244,1.);
#2244 = DIRECTION('',(0.,1.,0.));
#2245 = ORIENTED_EDGE('',*,*,#2200,.T.);
#2246 = ORIENTED_EDGE('',*,*,#1281,.F.);
#2247 = ORIENTED_EDGE('',*,*,#2248,.F.);
#2248 = EDGE_CURVE('',#2239,#1274,#2249,.T.);
#2249 = LINE('',#2250,#2251);
#2250 = CARTESIAN_POINT('',(-21.6,7.8,1.7));
#2251 = VECTOR('',#2252,1.);
#2252 = DIRECTION('',(1.,0.,0.));
#2253 = PLANE('',#2254);
#2254 = AXIS2_PLACEMENT_3D('',#2255,#2256,#2257);
#2255 = CARTESIAN_POINT('',(-21.6,1.2,1.7));
#2256 = DIRECTION('',(0.,0.,1.));
#2257 = DIRECTION('',(0.,1.,0.));
#2258 = ADVANCED_FACE('',(#2259),#2277,.F.);
#2259 = FACE_BOUND('',#2260,.F.);
#2260 = EDGE_LOOP('',(#2261,#2269,#2270,#2271));
#2261 = ORIENTED_EDGE('',*,*,#2262,.F.);
#2262 = EDGE_CURVE('',#2215,#2263,#2265,.T.);
#2263 = VERTEX_POINT('',#2264);
#2264 = CARTESIAN_POINT('',(-21.6,10.3,4.2));
#2265 = LINE('',#2266,#2267);
#2266 = CARTESIAN_POINT('',(-21.6,10.3,1.7));
#2267 = VECTOR('',#2268,1.);
#2268 = DIRECTION('',(0.,0.,1.));
#2269 = ORIENTED_EDGE('',*,*,#2224,.T.);
#2270 = ORIENTED_EDGE('',*,*,#1214,.F.);
#2271 = ORIENTED_EDGE('',*,*,#2272,.F.);
#2272 = EDGE_CURVE('',#2263,#1215,#2273,.T.);
#2273 = LINE('',#2274,#2275);
#2274 = CARTESIAN_POINT('',(-21.6,10.3,4.2));
#2275 = VECTOR('',#2276,1.);
#2276 = DIRECTION('',(1.,0.,0.));
#2277 = PLANE('',#2278);
#2278 = AXIS2_PLACEMENT_3D('',#2279,#2280,#2281);
#2279 = CARTESIAN_POINT('',(-21.6,10.3,1.7));
#2280 = DIRECTION('',(0.,-1.,0.));
#2281 = DIRECTION('',(0.,0.,1.));
#2282 = ADVANCED_FACE('',(#2283),#2301,.T.);
#2283 = FACE_BOUND('',#2284,.T.);
#2284 = EDGE_LOOP('',(#2285,#2293,#2294,#2295));
#2285 = ORIENTED_EDGE('',*,*,#2286,.F.);
#2286 = EDGE_CURVE('',#2239,#2287,#2289,.T.);
#2287 = VERTEX_POINT('',#2288);
#2288 = CARTESIAN_POINT('',(-21.6,7.8,2.7));
#2289 = LINE('',#2290,#2291);
#2290 = CARTESIAN_POINT('',(-21.6,7.8,1.7));
#2291 = VECTOR('',#2292,1.);
#2292 = DIRECTION('',(0.,0.,1.));
#2293 = ORIENTED_EDGE('',*,*,#2248,.T.);
#2294 = ORIENTED_EDGE('',*,*,#1273,.F.);
#2295 = ORIENTED_EDGE('',*,*,#2296,.F.);
#2296 = EDGE_CURVE('',#2287,#1266,#2297,.T.);
#2297 = LINE('',#2298,#2299);
#2298 = CARTESIAN_POINT('',(-21.6,7.8,2.7));
#2299 = VECTOR('',#2300,1.);
#2300 = DIRECTION('',(1.,0.,0.));
#2301 = PLANE('',#2302);
#2302 = AXIS2_PLACEMENT_3D('',#2303,#2304,#2305);
#2303 = CARTESIAN_POINT('',(-21.6,7.8,1.7));
#2304 = DIRECTION('',(0.,-1.,0.));
#2305 = DIRECTION('',(0.,0.,1.));
#2306 = ADVANCED_FACE('',(#2307),#2326,.T.);
#2307 = FACE_BOUND('',#2308,.F.);
#2308 = EDGE_LOOP('',(#2309,#2318,#2319,#2320));
#2309 = ORIENTED_EDGE('',*,*,#2310,.T.);
#2310 = EDGE_CURVE('',#2311,#2263,#2313,.T.);
#2311 = VERTEX_POINT('',#2312);
#2312 = CARTESIAN_POINT('',(-21.6,9.8,4.7));
#2313 = CIRCLE('',#2314,0.5);
#2314 = AXIS2_PLACEMENT_3D('',#2315,#2316,#2317);
#2315 = CARTESIAN_POINT('',(-21.6,9.8,4.2));
#2316 = DIRECTION('',(-1.,0.,0.));
#2317 = DIRECTION('',(0.,0.,1.));
#2318 = ORIENTED_EDGE('',*,*,#2272,.T.);
#2319 = ORIENTED_EDGE('',*,*,#1222,.F.);
#2320 = ORIENTED_EDGE('',*,*,#2321,.F.);
#2321 = EDGE_CURVE('',#2311,#1223,#2322,.T.);
#2322 = LINE('',#2323,#2324);
#2323 = CARTESIAN_POINT('',(-21.6,9.8,4.7));
#2324 = VECTOR('',#2325,1.);
#2325 = DIRECTION('',(1.,0.,0.));
#2326 = CYLINDRICAL_SURFACE('',#2327,0.5);
#2327 = AXIS2_PLACEMENT_3D('',#2328,#2329,#2330);
#2328 = CARTESIAN_POINT('',(-21.6,9.8,4.2));
#2329 = DIRECTION('',(1.,0.,0.));
#2330 = DIRECTION('',(0.,0.,1.));
#2331 = ADVANCED_FACE('',(#2332),#2350,.T.);
#2332 = FACE_BOUND('',#2333,.T.);
#2333 = EDGE_LOOP('',(#2334,#2342,#2343,#2344));
#2334 = ORIENTED_EDGE('',*,*,#2335,.F.);
#2335 = EDGE_CURVE('',#2287,#2336,#2338,.T.);
#2336 = VERTEX_POINT('',#2337);
#2337 = CARTESIAN_POINT('',(-21.6,5.8,2.7));
#2338 = LINE('',#2339,#2340);
#2339 = CARTESIAN_POINT('',(-21.6,7.8,2.7));
#2340 = VECTOR('',#2341,1.);
#2341 = DIRECTION('',(0.,-1.,0.));
#2342 = ORIENTED_EDGE('',*,*,#2296,.T.);
#2343 = ORIENTED_EDGE('',*,*,#1265,.F.);
#2344 = ORIENTED_EDGE('',*,*,#2345,.F.);
#2345 = EDGE_CURVE('',#2336,#1257,#2346,.T.);
#2346 = LINE('',#2347,#2348);
#2347 = CARTESIAN_POINT('',(-21.6,5.8,2.7));
#2348 = VECTOR('',#2349,1.);
#2349 = DIRECTION('',(1.,0.,0.));
#2350 = PLANE('',#2351);
#2351 = AXIS2_PLACEMENT_3D('',#2352,#2353,#2354);
#2352 = CARTESIAN_POINT('',(-21.6,7.8,2.7));
#2353 = DIRECTION('',(0.,0.,-1.));
#2354 = DIRECTION('',(0.,-1.,0.));
#2355 = ADVANCED_FACE('',(#2356),#2374,.T.);
#2356 = FACE_BOUND('',#2357,.T.);
#2357 = EDGE_LOOP('',(#2358,#2359,#2360,#2368));
#2358 = ORIENTED_EDGE('',*,*,#1231,.F.);
#2359 = ORIENTED_EDGE('',*,*,#2321,.F.);
#2360 = ORIENTED_EDGE('',*,*,#2361,.T.);
#2361 = EDGE_CURVE('',#2311,#2362,#2364,.T.);
#2362 = VERTEX_POINT('',#2363);
#2363 = CARTESIAN_POINT('',(-21.6,5.8,4.7));
#2364 = LINE('',#2365,#2366);
#2365 = CARTESIAN_POINT('',(-21.6,17.8,4.7));
#2366 = VECTOR('',#2367,1.);
#2367 = DIRECTION('',(0.,-1.,0.));
#2368 = ORIENTED_EDGE('',*,*,#2369,.T.);
#2369 = EDGE_CURVE('',#2362,#1232,#2370,.T.);
#2370 = LINE('',#2371,#2372);
#2371 = CARTESIAN_POINT('',(-21.6,5.8,4.7));
#2372 = VECTOR('',#2373,1.);
#2373 = DIRECTION('',(1.,0.,0.));
#2374 = PLANE('',#2375);
#2375 = AXIS2_PLACEMENT_3D('',#2376,#2377,#2378);
#2376 = CARTESIAN_POINT('',(-21.3,17.8,4.7));
#2377 = DIRECTION('',(-0.,-0.,1.));
#2378 = DIRECTION('',(0.,-1.,0.));
#2379 = ADVANCED_FACE('',(#2380),#2399,.T.);
#2380 = FACE_BOUND('',#2381,.T.);
#2381 = EDGE_LOOP('',(#2382,#2391,#2392,#2393));
#2382 = ORIENTED_EDGE('',*,*,#2383,.T.);
#2383 = EDGE_CURVE('',#2384,#2336,#2386,.T.);
#2384 = VERTEX_POINT('',#2385);
#2385 = CARTESIAN_POINT('',(-21.6,5.3,3.2));
#2386 = CIRCLE('',#2387,0.5);
#2387 = AXIS2_PLACEMENT_3D('',#2388,#2389,#2390);
#2388 = CARTESIAN_POINT('',(-21.6,5.8,3.2));
#2389 = DIRECTION('',(1.,0.,-0.));
#2390 = DIRECTION('',(0.,0.,1.));
#2391 = ORIENTED_EDGE('',*,*,#2345,.T.);
#2392 = ORIENTED_EDGE('',*,*,#1256,.F.);
#2393 = ORIENTED_EDGE('',*,*,#2394,.F.);
#2394 = EDGE_CURVE('',#2384,#1249,#2395,.T.);
#2395 = LINE('',#2396,#2397);
#2396 = CARTESIAN_POINT('',(-21.6,5.3,3.2));
#2397 = VECTOR('',#2398,1.);
#2398 = DIRECTION('',(1.,0.,0.));
#2399 = CYLINDRICAL_SURFACE('',#2400,0.5);
#2400 = AXIS2_PLACEMENT_3D('',#2401,#2402,#2403);
#2401 = CARTESIAN_POINT('',(-21.6,5.8,3.2));
#2402 = DIRECTION('',(1.,0.,0.));
#2403 = DIRECTION('',(0.,-1.,0.));
#2404 = ADVANCED_FACE('',(#2405),#2424,.T.);
#2405 = FACE_BOUND('',#2406,.F.);
#2406 = EDGE_LOOP('',(#2407,#2416,#2417,#2418));
#2407 = ORIENTED_EDGE('',*,*,#2408,.T.);
#2408 = EDGE_CURVE('',#2409,#2362,#2411,.T.);
#2409 = VERTEX_POINT('',#2410);
#2410 = CARTESIAN_POINT('',(-21.6,5.3,4.2));
#2411 = CIRCLE('',#2412,0.5);
#2412 = AXIS2_PLACEMENT_3D('',#2413,#2414,#2415);
#2413 = CARTESIAN_POINT('',(-21.6,5.8,4.2));
#2414 = DIRECTION('',(-1.,0.,0.));
#2415 = DIRECTION('',(0.,0.,1.));
#2416 = ORIENTED_EDGE('',*,*,#2369,.T.);
#2417 = ORIENTED_EDGE('',*,*,#1239,.F.);
#2418 = ORIENTED_EDGE('',*,*,#2419,.F.);
#2419 = EDGE_CURVE('',#2409,#1240,#2420,.T.);
#2420 = LINE('',#2421,#2422);
#2421 = CARTESIAN_POINT('',(-21.6,5.3,4.2));
#2422 = VECTOR('',#2423,1.);
#2423 = DIRECTION('',(1.,0.,0.));
#2424 = CYLINDRICAL_SURFACE('',#2425,0.5);
#2425 = AXIS2_PLACEMENT_3D('',#2426,#2427,#2428);
#2426 = CARTESIAN_POINT('',(-21.6,5.8,4.2));
#2427 = DIRECTION('',(1.,0.,0.));
#2428 = DIRECTION('',(0.,-1.,0.));
#2429 = ADVANCED_FACE('',(#2430),#2441,.T.);
#2430 = FACE_BOUND('',#2431,.T.);
#2431 = EDGE_LOOP('',(#2432,#2438,#2439,#2440));
#2432 = ORIENTED_EDGE('',*,*,#2433,.F.);
#2433 = EDGE_CURVE('',#2384,#2409,#2434,.T.);
#2434 = LINE('',#2435,#2436);
#2435 = CARTESIAN_POINT('',(-21.6,5.3,2.7));
#2436 = VECTOR('',#2437,1.);
#2437 = DIRECTION('',(0.,0.,1.));
#2438 = ORIENTED_EDGE('',*,*,#2394,.T.);
#2439 = ORIENTED_EDGE('',*,*,#1248,.F.);
#2440 = ORIENTED_EDGE('',*,*,#2419,.F.);
#2441 = PLANE('',#2442);
#2442 = AXIS2_PLACEMENT_3D('',#2443,#2444,#2445);
#2443 = CARTESIAN_POINT('',(-21.6,5.3,2.7));
#2444 = DIRECTION('',(0.,-1.,0.));
#2445 = DIRECTION('',(0.,0.,1.));
#2446 = ADVANCED_FACE('',(#2447),#2465,.T.);
#2447 = FACE_BOUND('',#2448,.F.);
#2448 = EDGE_LOOP('',(#2449,#2458,#2464));
#2449 = ORIENTED_EDGE('',*,*,#2450,.F.);
#2450 = EDGE_CURVE('',#2451,#1371,#2453,.T.);
#2451 = VERTEX_POINT('',#2452);
#2452 = CARTESIAN_POINT('',(-21.3,-16.,-0.3));
#2453 = CIRCLE('',#2454,0.3);
#2454 = AXIS2_PLACEMENT_3D('',#2455,#2456,#2457);
#2455 = CARTESIAN_POINT('',(-21.3,-16.,0.));
#2456 = DIRECTION('',(-1.,-0.,-0.));
#2457 = DIRECTION('',(0.,0.,-1.));
#2458 = ORIENTED_EDGE('',*,*,#2459,.F.);
#2459 = EDGE_CURVE('',#625,#2451,#2460,.T.);
#2460 = LINE('',#2461,#2462);
#2461 = CARTESIAN_POINT('',(-21.3,-16.,0.));
#2462 = VECTOR('',#2463,1.);
#2463 = DIRECTION('',(-0.,-0.,-1.));
#2464 = ORIENTED_EDGE('',*,*,#1370,.T.);
#2465 = PLANE('',#2466);
#2466 = AXIS2_PLACEMENT_3D('',#2467,#2468,#2469);
#2467 = CARTESIAN_POINT('',(-21.3,-16.,0.));
#2468 = DIRECTION('',(-1.,-0.,-0.));
#2469 = DIRECTION('',(0.,0.,-1.));
#2470 = ADVANCED_FACE('',(#2471),#2482,.F.);
#2471 = FACE_BOUND('',#2472,.F.);
#2472 = EDGE_LOOP('',(#2473,#2480,#2481));
#2473 = ORIENTED_EDGE('',*,*,#2474,.T.);
#2474 = EDGE_CURVE('',#2451,#1411,#2475,.T.);
#2475 = CIRCLE('',#2476,0.3);
#2476 = AXIS2_PLACEMENT_3D('',#2477,#2478,#2479);
#2477 = CARTESIAN_POINT('',(-21.3,-16.,0.));
#2478 = DIRECTION('',(0.,1.,0.));
#2479 = DIRECTION('',(0.,0.,-1.));
#2480 = ORIENTED_EDGE('',*,*,#1418,.T.);
#2481 = ORIENTED_EDGE('',*,*,#2459,.T.);
#2482 = PLANE('',#2483);
#2483 = AXIS2_PLACEMENT_3D('',#2484,#2485,#2486);
#2484 = CARTESIAN_POINT('',(-21.3,-16.,0.));
#2485 = DIRECTION('',(0.,1.,0.));
#2486 = DIRECTION('',(0.,0.,-1.));
#2487 = ADVANCED_FACE('',(#2488),#2523,.F.);
#2488 = FACE_BOUND('',#2489,.F.);
#2489 = EDGE_LOOP('',(#2490,#2491,#2492,#2493,#2494,#2495,#2496,#2497,
    #2503,#2504,#2505,#2506,#2507,#2508,#2509,#2510,#2511,#2512,#2513,
    #2514,#2515,#2516,#2517,#2518,#2519,#2520,#2521,#2522));
#2490 = ORIENTED_EDGE('',*,*,#1778,.F.);
#2491 = ORIENTED_EDGE('',*,*,#1834,.F.);
#2492 = ORIENTED_EDGE('',*,*,#1885,.T.);
#2493 = ORIENTED_EDGE('',*,*,#1931,.T.);
#2494 = ORIENTED_EDGE('',*,*,#1980,.T.);
#2495 = ORIENTED_EDGE('',*,*,#2028,.T.);
#2496 = ORIENTED_EDGE('',*,*,#1410,.T.);
#2497 = ORIENTED_EDGE('',*,*,#2498,.F.);
#2498 = EDGE_CURVE('',#2161,#1411,#2499,.T.);
#2499 = LINE('',#2500,#2501);
#2500 = CARTESIAN_POINT('',(-21.6,17.8,0.));
#2501 = VECTOR('',#2502,1.);
#2502 = DIRECTION('',(0.,-1.,0.));
#2503 = ORIENTED_EDGE('',*,*,#2168,.T.);
#2504 = ORIENTED_EDGE('',*,*,#2214,.T.);
#2505 = ORIENTED_EDGE('',*,*,#2262,.T.);
#2506 = ORIENTED_EDGE('',*,*,#2310,.F.);
#2507 = ORIENTED_EDGE('',*,*,#2361,.T.);
#2508 = ORIENTED_EDGE('',*,*,#2408,.F.);
#2509 = ORIENTED_EDGE('',*,*,#2433,.F.);
#2510 = ORIENTED_EDGE('',*,*,#2383,.T.);
#2511 = ORIENTED_EDGE('',*,*,#2335,.F.);
#2512 = ORIENTED_EDGE('',*,*,#2286,.F.);
#2513 = ORIENTED_EDGE('',*,*,#2238,.F.);
#2514 = ORIENTED_EDGE('',*,*,#2190,.F.);
#2515 = ORIENTED_EDGE('',*,*,#2094,.F.);
#2516 = ORIENTED_EDGE('',*,*,#2070,.F.);
#2517 = ORIENTED_EDGE('',*,*,#2045,.F.);
#2518 = ORIENTED_EDGE('',*,*,#2004,.F.);
#2519 = ORIENTED_EDGE('',*,*,#1956,.F.);
#2520 = ORIENTED_EDGE('',*,*,#1907,.F.);
#2521 = ORIENTED_EDGE('',*,*,#1859,.F.);
#2522 = ORIENTED_EDGE('',*,*,#1809,.F.);
#2523 = PLANE('',#2524);
#2524 = AXIS2_PLACEMENT_3D('',#2525,#2526,#2527);
#2525 = CARTESIAN_POINT('',(-21.6,0.9,2.35));
#2526 = DIRECTION('',(1.,0.,0.));
#2527 = DIRECTION('',(0.,0.,-1.));
#2528 = ADVANCED_FACE('',(#2529),#2540,.T.);
#2529 = FACE_BOUND('',#2530,.F.);
#2530 = EDGE_LOOP('',(#2531,#2532,#2533,#2534));
#2531 = ORIENTED_EDGE('',*,*,#2450,.T.);
#2532 = ORIENTED_EDGE('',*,*,#1475,.T.);
#2533 = ORIENTED_EDGE('',*,*,#1451,.F.);
#2534 = ORIENTED_EDGE('',*,*,#2535,.F.);
#2535 = EDGE_CURVE('',#2451,#1452,#2536,.T.);
#2536 = LINE('',#2537,#2538);
#2537 = CARTESIAN_POINT('',(-21.3,-16.,-0.3));
#2538 = VECTOR('',#2539,1.);
#2539 = DIRECTION('',(1.,0.,0.));
#2540 = CYLINDRICAL_SURFACE('',#2541,0.3);
#2541 = AXIS2_PLACEMENT_3D('',#2542,#2543,#2544);
#2542 = CARTESIAN_POINT('',(-21.3,-16.,0.));
#2543 = DIRECTION('',(1.,0.,0.));
#2544 = DIRECTION('',(0.,0.,-1.));
#2545 = ADVANCED_FACE('',(#2546),#2573,.F.);
#2546 = FACE_BOUND('',#2547,.F.);
#2547 = EDGE_LOOP('',(#2548,#2549,#2557,#2565,#2572));
#2548 = ORIENTED_EDGE('',*,*,#1541,.F.);
#2549 = ORIENTED_EDGE('',*,*,#2550,.T.);
#2550 = EDGE_CURVE('',#1542,#2551,#2553,.T.);
#2551 = VERTEX_POINT('',#2552);
#2552 = CARTESIAN_POINT('',(-19.3,18.1,1.7));
#2553 = LINE('',#2554,#2555);
#2554 = CARTESIAN_POINT('',(-19.3,17.8,1.7));
#2555 = VECTOR('',#2556,1.);
#2556 = DIRECTION('',(0.,1.,-2.2E-16));
#2557 = ORIENTED_EDGE('',*,*,#2558,.T.);
#2558 = EDGE_CURVE('',#2551,#2559,#2561,.T.);
#2559 = VERTEX_POINT('',#2560);
#2560 = CARTESIAN_POINT('',(-19.3,18.1,0.));
#2561 = LINE('',#2562,#2563);
#2562 = CARTESIAN_POINT('',(-19.3,18.1,1.275));
#2563 = VECTOR('',#2564,1.);
#2564 = DIRECTION('',(0.,-1.1E-16,-1.));
#2565 = ORIENTED_EDGE('',*,*,#2566,.T.);
#2566 = EDGE_CURVE('',#2559,#1510,#2567,.T.);
#2567 = CIRCLE('',#2568,0.3);
#2568 = AXIS2_PLACEMENT_3D('',#2569,#2570,#2571);
#2569 = CARTESIAN_POINT('',(-19.3,17.8,0.));
#2570 = DIRECTION('',(-1.,0.,0.));
#2571 = DIRECTION('',(0.,0.,-1.));
#2572 = ORIENTED_EDGE('',*,*,#1509,.F.);
#2573 = PLANE('',#2574);
#2574 = AXIS2_PLACEMENT_3D('',#2575,#2576,#2577);
#2575 = CARTESIAN_POINT('',(-19.3,17.8,1.7));
#2576 = DIRECTION('',(-1.,0.,0.));
#2577 = DIRECTION('',(-0.,-2.2E-16,-1.));
#2578 = ADVANCED_FACE('',(#2579,#2597),#2603,.F.);
#2579 = FACE_BOUND('',#2580,.F.);
#2580 = EDGE_LOOP('',(#2581,#2582,#2583,#2584,#2585,#2591));
#2581 = ORIENTED_EDGE('',*,*,#2535,.T.);
#2582 = ORIENTED_EDGE('',*,*,#1764,.T.);
#2583 = ORIENTED_EDGE('',*,*,#1744,.T.);
#2584 = ORIENTED_EDGE('',*,*,#1526,.T.);
#2585 = ORIENTED_EDGE('',*,*,#2586,.T.);
#2586 = EDGE_CURVE('',#1510,#2120,#2587,.T.);
#2587 = LINE('',#2588,#2589);
#2588 = CARTESIAN_POINT('',(21.3,17.8,-0.3));
#2589 = VECTOR('',#2590,1.);
#2590 = DIRECTION('',(-1.,0.,0.));
#2591 = ORIENTED_EDGE('',*,*,#2592,.T.);
#2592 = EDGE_CURVE('',#2120,#2451,#2593,.T.);
#2593 = LINE('',#2594,#2595);
#2594 = CARTESIAN_POINT('',(-21.3,17.8,-0.3));
#2595 = VECTOR('',#2596,1.);
#2596 = DIRECTION('',(0.,-1.,0.));
#2597 = FACE_BOUND('',#2598,.T.);
#2598 = EDGE_LOOP('',(#2599,#2600,#2601,#2602));
#2599 = ORIENTED_EDGE('',*,*,#1572,.T.);
#2600 = ORIENTED_EDGE('',*,*,#1596,.T.);
#2601 = ORIENTED_EDGE('',*,*,#1620,.T.);
#2602 = ORIENTED_EDGE('',*,*,#1644,.T.);
#2603 = PLANE('',#2604);
#2604 = AXIS2_PLACEMENT_3D('',#2605,#2606,#2607);
#2605 = CARTESIAN_POINT('',(2.01E-15,0.486280056577,-0.3));
#2606 = DIRECTION('',(0.,0.,1.));
#2607 = DIRECTION('',(1.,0.,0.));
#2608 = ADVANCED_FACE('',(#2609),#2620,.T.);
#2609 = FACE_BOUND('',#2610,.T.);
#2610 = EDGE_LOOP('',(#2611,#2612,#2613,#2619));
#2611 = ORIENTED_EDGE('',*,*,#1549,.F.);
#2612 = ORIENTED_EDGE('',*,*,#2550,.T.);
#2613 = ORIENTED_EDGE('',*,*,#2614,.T.);
#2614 = EDGE_CURVE('',#2551,#2129,#2615,.T.);
#2615 = LINE('',#2616,#2617);
#2616 = CARTESIAN_POINT('',(21.3,18.1,1.7));
#2617 = VECTOR('',#2618,1.);
#2618 = DIRECTION('',(-1.,0.,0.));
#2619 = ORIENTED_EDGE('',*,*,#2128,.F.);
#2620 = PLANE('',#2621);
#2621 = AXIS2_PLACEMENT_3D('',#2622,#2623,#2624);
#2622 = CARTESIAN_POINT('',(21.3,17.8,1.7));
#2623 = DIRECTION('',(0.,0.,1.));
#2624 = DIRECTION('',(-1.,0.,0.));
#2625 = ADVANCED_FACE('',(#2626),#2637,.T.);
#2626 = FACE_BOUND('',#2627,.F.);
#2627 = EDGE_LOOP('',(#2628,#2635,#2636));
#2628 = ORIENTED_EDGE('',*,*,#2629,.F.);
#2629 = EDGE_CURVE('',#2120,#2161,#2630,.T.);
#2630 = CIRCLE('',#2631,0.3);
#2631 = AXIS2_PLACEMENT_3D('',#2632,#2633,#2634);
#2632 = CARTESIAN_POINT('',(-21.3,17.8,0.));
#2633 = DIRECTION('',(0.,1.,0.));
#2634 = DIRECTION('',(0.,0.,-1.));
#2635 = ORIENTED_EDGE('',*,*,#2119,.F.);
#2636 = ORIENTED_EDGE('',*,*,#2160,.T.);
#2637 = PLANE('',#2638);
#2638 = AXIS2_PLACEMENT_3D('',#2639,#2640,#2641);
#2639 = CARTESIAN_POINT('',(-21.3,17.8,0.));
#2640 = DIRECTION('',(0.,1.,0.));
#2641 = DIRECTION('',(0.,0.,-1.));
#2642 = ADVANCED_FACE('',(#2643),#2654,.T.);
#2643 = FACE_BOUND('',#2644,.F.);
#2644 = EDGE_LOOP('',(#2645,#2646,#2647,#2653));
#2645 = ORIENTED_EDGE('',*,*,#2586,.F.);
#2646 = ORIENTED_EDGE('',*,*,#2566,.F.);
#2647 = ORIENTED_EDGE('',*,*,#2648,.T.);
#2648 = EDGE_CURVE('',#2559,#2137,#2649,.T.);
#2649 = LINE('',#2650,#2651);
#2650 = CARTESIAN_POINT('',(21.3,18.1,0.));
#2651 = VECTOR('',#2652,1.);
#2652 = DIRECTION('',(-1.,0.,0.));
#2653 = ORIENTED_EDGE('',*,*,#2144,.F.);
#2654 = CYLINDRICAL_SURFACE('',#2655,0.3);
#2655 = AXIS2_PLACEMENT_3D('',#2656,#2657,#2658);
#2656 = CARTESIAN_POINT('',(21.3,17.8,0.));
#2657 = DIRECTION('',(-1.,0.,0.));
#2658 = DIRECTION('',(0.,0.,-1.));
#2659 = ADVANCED_FACE('',(#2660),#2666,.F.);
#2660 = FACE_BOUND('',#2661,.F.);
#2661 = EDGE_LOOP('',(#2662,#2663,#2664,#2665));
#2662 = ORIENTED_EDGE('',*,*,#2648,.F.);
#2663 = ORIENTED_EDGE('',*,*,#2558,.F.);
#2664 = ORIENTED_EDGE('',*,*,#2614,.T.);
#2665 = ORIENTED_EDGE('',*,*,#2136,.T.);
#2666 = PLANE('',#2667);
#2667 = AXIS2_PLACEMENT_3D('',#2668,#2669,#2670);
#2668 = CARTESIAN_POINT('',(-8.E-17,18.1,0.85));
#2669 = DIRECTION('',(0.,-1.,0.));
#2670 = DIRECTION('',(1.,0.,0.));
#2671 = ADVANCED_FACE('',(#2672),#2678,.T.);
#2672 = FACE_BOUND('',#2673,.F.);
#2673 = EDGE_LOOP('',(#2674,#2675,#2676,#2677));
#2674 = ORIENTED_EDGE('',*,*,#2629,.T.);
#2675 = ORIENTED_EDGE('',*,*,#2498,.T.);
#2676 = ORIENTED_EDGE('',*,*,#2474,.F.);
#2677 = ORIENTED_EDGE('',*,*,#2592,.F.);
#2678 = CYLINDRICAL_SURFACE('',#2679,0.3);
#2679 = AXIS2_PLACEMENT_3D('',#2680,#2681,#2682);
#2680 = CARTESIAN_POINT('',(-21.3,17.8,0.));
#2681 = DIRECTION('',(0.,-1.,0.));
#2682 = DIRECTION('',(0.,0.,-1.));
#2683 = ( GEOMETRIC_REPRESENTATION_CONTEXT(3) 
GLOBAL_UNCERTAINTY_ASSIGNED_CONTEXT((#2687)) 
GLOBAL_UNIT_ASSIGNED_CONTEXT((#2684,#2685,#2686)) REPRESENTATION_CONTEXT
('Context #1','3D Context with UNIT and UNCERTAINTY') );
#2684 = ( LENGTH_UNIT() NAMED_UNIT(*) SI_UNIT(.MILLI.,.METRE.) );
#2685 = ( NAMED_UNIT(*) PLANE_ANGLE_UNIT() SI_UNIT($,.RADIAN.) );
#2686 = ( NAMED_UNIT(*) SI_UNIT($,.STERADIAN.) SOLID_ANGLE_UNIT() );
#2687 = UNCERTAINTY_MEASURE_WITH_UNIT(LENGTH_MEASURE(1.E-05),#2684,
  'distance_accuracy_value','confusion accuracy');
#2688 = PRODUCT_RELATED_PRODUCT_CATEGORY('part',$,(#7));
#2689 = MECHANICAL_DESIGN_GEOMETRIC_PRESENTATION_REPRESENTATION('',(
    #2690),#2683);
#2690 = STYLED_ITEM('color',(#2691),#15);
#2691 = PRESENTATION_STYLE_ASSIGNMENT((#2692,#2698));
#2692 = SURFACE_STYLE_USAGE(.BOTH.,#2693);
#2693 = SURFACE_SIDE_STYLE('',(#2694));
#2694 = SURFACE_STYLE_FILL_AREA(#2695);
#2695 = FILL_AREA_STYLE('',(#2696));
#2696 = FILL_AREA_STYLE_COLOUR('',#2697);
#2697 = COLOUR_RGB('',0.447058818107,0.474509808674,0.501960817233);
#2698 = CURVE_STYLE('',#2699,POSITIVE_LENGTH_MEASURE(0.1),#2700);
#2699 = DRAUGHTING_PRE_DEFINED_CURVE_FONT('continuous');
#2700 = COLOUR_RGB('',9.803921802644E-02,9.803921802644E-02,
  9.803921802644E-02);
ENDSEC;
END-ISO-10303-21;
